,0,0,1,1,2,2,3,3,4,4,5,5,6,6,7,7,8,8,9,9,10,10,11,11,12,12,13,13,14,14,15,15,16,16,17,17,18,18,19,19
0,0.72182715,101,0.6901994,25,0.6740869,29,0.65359634,74,0.64938295,103,54,0.6368046,71,0.62088215,66,0.6107552,151,0.5973422,0.584837,134,113,0.58409166,0.5781001,102,179,0.5748646,153,0.565961,0.56311464,58,52,0.55568594,129,0.5465747,21,0.5352558,138,0.5306479,0.52513456,88
1,0.49350762,166,0.47769892,42,0.4776588,184,0.44821244,191,0.43079576,175,91,0.41964054,106,0.3985213,181,0.3946575,97,0.39207804,0.38271236,21,164,0.3824067,0.38148767,13,109,0.37815022,32,0.3743465,0.37324607,44,67,0.3616383,77,0.3591327,136,0.35900408,174,0.35286555,0.35047552,89
2,0.58649385,20,0.46481055,140,0.46156484,56,0.45799887,36,0.4578805,50,199,0.4522999,22,0.45060998,146,0.44978344,15,0.4482296,0.4454706,68,168,0.4424491,0.43945342,119,90,0.43832803,147,0.4336315,0.43348485,154,23,0.42742372,120,0.42561215,130,0.42486715,145,0.42402458,0.42238122,191
3,0.5005573,128,0.3821048,46,0.36996585,65,0.36070293,143,0.36018848,49,39,0.35598338,108,0.34361464,87,0.34313348,95,0.3424921,0.34190953,113,191,0.34124237,0.33935648,75,195,0.33570868,6,0.3321892,0.3226848,180,30,0.32131594,67,0.32035035,88,0.31943762,38,0.3191439,0.31816924,187
4,0.72173584,194,0.69069064,5,0.6451137,91,0.6325152,26,0.6071836,187,96,0.60266864,19,0.5884122,106,0.5782902,89,0.5571153,0.5393945,97,6,0.5146712,0.5102216,95,42,0.50468075,114,0.50147635,0.5013677,180,111,0.4949742,64,0.4949125,195,0.4843101,54,0.48326418,0.4822681,174
5,0.7770932,91,0.7461077,194,0.7257872,26,0.69069064,4,0.66941905,19,96,0.6629127,106,0.662213,42,0.63138354,97,0.6216324,0.5942301,187,111,0.57681155,0.5737884,89,72,0.56443304,180,0.5612558,0.55599475,191,114,0.54672027,79,0.54508483,64,0.539251,174,0.5335473,0.532076,63
6,0.60009825,33,0.5983362,82,0.5965948,115,0.56761986,88,0.5630256,183,81,0.5619603,65,0.538451,105,0.5277877,150,0.5266939,0.52350146,190,12,0.522756,0.51602364,108,66,0.51586884,4,0.5146712,0.51257765,41,195,0.5094365,26,0.5080447,194,0.507787,167,0.5039564,0.4950823,51
7,0.51560265,143,0.46021885,178,0.4484183,187,0.44638193,97,0.4383682,150,180,0.43504843,5,0.43284422,110,0.42201048,98,0.4203046,0.41907817,136,11,0.41794693,0.413332,96,91,0.41061905,174,0.40632063,0.4024362,104,115,0.40019655,79,0.3975971,72,0.39293987,19,0.3926586,0.3878246,166
8,0.7794592,67,0.7147995,122,0.7023175,13,0.69946253,10,0.67464745,85,160,0.66480994,165,0.582155,100,0.57730865,9,0.5421593,0.5383849,159,24,0.52896976,0.5217282,140,66,0.5085567,55,0.5081688,0.5045754,68,36,0.50441694,107,0.48667008,173,0.48665142,151,0.48508638,0.48394704,164
9,0.7105237,186,0.7025908,173,0.6996165,107,0.69535035,100,0.6754104,169,159,0.6110803,141,0.5988653,164,0.57956076,55,0.5785867,0.570319,122,8,0.5421593,0.53461856,140,50,0.52032083,147,0.5100173,0.50866604,67,85,0.5074136,68,0.50590444,146,0.5013734,10,0.4885543,0.47877398,94
10,0.7752813,160,0.7122332,122,0.71169955,85,0.70663154,67,0.69946253,8,13,0.6754672,24,0.65434843,165,0.56689984,32,0.5306089,0.5254527,159,107,0.5092303,0.5040323,66,100,0.49835902,140,0.48864895,0.4885543,9,75,0.48627833,88,0.4798161,62,0.4769619,151,0.47503245,0.47423342,82
11,0.6072573,133,0.58078647,72,0.56950724,150,0.56368864,191,0.5398088,145,82,0.5392953,180,0.5367757,80,0.5240625,192,0.5108583,0.5084984,116,115,0.5065652,0.492279,37,44,0.48624912,117,0.4855501,0.47955835,178,174,0.47449517,176,0.46398082,88,0.46069232,128,0.46051568,0.4588881,184
12,0.75808394,149,0.73681754,81,0.5644985,51,0.5236602,100,0.522756,6,56,0.49926877,55,0.4868643,118,0.4794258,66,0.4731487,0.46993867,46,88,0.46713603,0.46245706,68,33,0.46120366,158,0.45943606,0.45733768,171,160,0.45055252,152,0.44808665,20,0.44752103,161,0.44584537,0.44096982,94
13,0.8749122,67,0.7152165,85,0.7023175,8,0.6754672,10,0.65879047,122,160,0.6575035,165,0.6226474,32,0.5937983,164,0.54193026,0.5200709,44,66,0.5195223,0.513022,191,45,0.5081287,100,0.5072813,0.50542647,88,103,0.49767032,21,0.4874243,166,0.48593462,159,0.48237437,0.48073736,140
14,0.83859634,35,0.81922686,60,0.72568226,170,0.6614704,161,0.6348034,17,56,0.61603945,154,0.61477125,198,0.59571755,27,0.582242,0.57324135,158,145,0.5728811,0.5652538,172,140,0.56386495,118,0.5493489,0.54133505,16,66,0.540614,171,0.5357142,88,0.5334894,191,0.5314589,0.5287476,192
15,0.6131334,146,0.6115463,140,0.58074623,68,0.57801175,94,0.5714427,50,147,0.5713951,22,0.57003033,141,0.56474507,182,0.5538853,0.5504714,23,56,0.5283221,0.52666235,17,55,0.52452075,185,0.51744735,0.5156492,120,31,0.51132035,161,0.5071534,35,0.50328696,158,0.50153697,0.5003197,171
16,0.7492751,56,0.74831176,118,0.7371286,161,0.69908595,27,0.6693243,120,17,0.66521525,31,0.6477711,198,0.64224386,171,0.6381731,0.6289855,168,158,0.62720513,0.6222213,155,35,0.5834446,92,0.5789254,0.56341064,154,60,0.5611945,193,0.5580016,140,0.54404616,14,0.54133505,0.5380926,130
17,0.79760957,161,0.76485014,158,0.76146746,118,0.7584978,56,0.7273849,27,171,0.6996677,198,0.69913244,193,0.68767905,31,0.67723984,0.67038417,155,16,0.66521525,0.6450398,35,60,0.64128244,14,0.6348034,0.5837652,140,154,0.57741404,168,0.5691539,36,0.5538149,120,0.54424894,0.54377455,170
18,0.41586208,105,0.3801926,11,0.3767727,167,0.3513924,48,0.3478583,150,77,0.33873835,115,0.3246463,1,0.31849906,153,0.31827486,0.31296566,6,39,0.30720407,0.30304867,65,101,0.30279315,75,0.302401,0.29698572,116,103,0.29276785,58,0.28699052,109,0.28660268,189,0.2823466,0.27853918,106
19,0.74173594,129,0.66941905,5,0.6393678,91,0.59391797,174,0.59339243,194,4,0.5884122,26,0.5782894,97,0.5551274,96,0.5523865,0.5276828,111,72,0.5148369,0.5129316,187,150,0.5097429,79,0.50905395,0.5037886,64,106,0.49993575,166,0.4794647,89,0.47931218,180,0.47885767,0.47333854,181
20,0.58649385,2,0.52230173,46,0.52044964,152,0.48439646,197,0.47978723,36,56,0.47754532,130,0.47138226,168,0.4676032,192,0.4669652,0.46685535,82,166,0.46215454,0.45714635,43,68,0.45443562,27,0.45081252,0.44998133,28,120,0.44977707,191,0.44892234,12,0.44752103,161,0.44421083,0.4419333,140
21,0.74256563,103,0.68353975,138,0.66628546,151,0.6481216,66,0.6177025,54,134,0.6155076,58,0.61474264,29,0.61338186,113,0.6030457,0.5984582,71,102,0.59427977,0.5920346,74,35,0.54917485,129,0.5483912,0.5478836,32,88,0.54756343,148,0.54747856,127,0.53745663,0,0.5352558,0.53471434,166
22,0.78812265,23,0.78096455,185,0.70814586,68,0.6792132,50,0.6714896,182,146,0.66605055,147,0.66100943,140,0.64796257,94,0.6343014,0.57003033,15,168,0.5576209,0.544471,27,56,0.5442395,31,0.5401799,0.5347931,159,100,0.53176516,141,0.531168,171,0.52370274,120,0.52276564,0.5211184,118
23,0.78812265,22,0.7759377,185,0.71447396,68,0.64446855,100,0.63732797,182,50,0.6326291,147,0.6285392,94,0.62670004,146,0.61652917,0.60618347,140,31,0.56279695,0.5504714,15,159,0.5500839,171,0.5290818,0.528069,16,56,0.52758765,120,0.52518225,122,0.5239934,141,0.5217731,0.51978594,168
24,0.65434843,10,0.52954435,160,0.52896976,8,0.51338774,122,0.49503615,67,85,0.48347253,13,0.47755256,99,0.47377494,173,0.44257596,0.4311844,159,107,0.4256557,0.40302497,169,81,0.40100402,62,0.39977545,0.39729723,186,100,0.3957009,9,0.39505118,36,0.39089105,165,0.38552898,0.37967485,82
25,0.80221057,101,0.7091415,66,0.6901994,0,0.65800333,29,0.62435305,151,103,0.6157939,134,0.61450446,74,0.60298705,54,0.5908382,0.58527595,71,58,0.58036864,0.56167173,179,129,0.5551202,153,0.5511329,0.55083776,102,52,0.5477519,138,0.5403238,113,0.53553146,88,0.5243065,0.51106745,69
26,0.7257872,5,0.70987844,194,0.6921112,91,0.6711978,106,0.63381106,114,96,0.6333543,4,0.6325152,64,0.6067507,97,0.5937092,0.5782894,19,187,0.57550734,0.5671691,42,145,0.5479834,89,0.5395647,0.5387131,191,111,0.5335382,195,0.5318413,174,0.529358,180,0.5268214,0.526075,39
27,0.8162924,56,0.76784515,161,0.7653842,198,0.74408937,171,0.7286681,118,17,0.7273849,158,0.72415286,155,0.7131662,16,0.69908595,0.6668564,193,60,0.66288704,0.6608634,31,92,0.63969076,168,0.6360239,0.61491454,120,35,0.5967308,130,0.59153223,172,0.58717585,14,0.582242,0.5800531,154
28,0.6895474,120,0.61652565,168,0.54790163,92,0.537265,118,0.5246775,56,16,0.5240892,31,0.51780736,154,0.49392408,155,0.4880533,0.48759127,22,68,0.48672193,0.48047805,130,185,0.47875205,171,0.46766636,0.46722916,140,15,0.46571177,27,0.46551406,147,0.4641418,94,0.46289033,0.46079007,198
29,0.7902217,74,0.74266136,71,0.74235594,153,0.7394016,103,0.73805416,66,134,0.7300484,54,0.7272253,151,0.7144152,58,0.70954096,0.6944696,179,101,0.6932535,0.6881765,102,113,0.6798166,0,0.6740869,0.66998893,129,25,0.65800333,138,0.6479176,52,0.6474277,21,0.61338186,0.6102059,69
30,0.68522966,195,0.6545916,75,0.651778,95,0.65175694,83,0.6407095,80,181,0.61924314,139,0.6066725,121,0.60559833,59,0.6045134,0.5936489,39,61,0.5819361,0.56694734,166,79,0.5651016,53,0.5621561,0.5506879,76,137,0.5482069,34,0.541335,180,0.52740777,145,0.5267538,0.51476,162
31,0.7217858,171,0.7138697,56,0.69527876,161,0.693913,168,0.67723984,17,118,0.6770824,155,0.6710384,27,0.6608634,16,0.6477711,0.6449337,198,120,0.63883424,0.6326971,158,92,0.6084788,193,0.6047479,0.56279695,23,185,0.547227,154,0.5451971,22,0.5401799,35,0.5316181,0.51780736,28
32,0.64897513,165,0.59709907,103,0.5937983,13,0.58881706,67,0.5481622,85,21,0.5478836,10,0.5306089,122,0.5094589,66,0.50047195,0.49628946,113,54,0.4943338,0.48822668,45,160,0.48794162,69,0.48629192,0.48494148,102,8,0.47994077,151,0.47990793,101,0.47309896,105,0.46741214,0.46733463,88
33,0.6663201,105,0.6384607,88,0.6326376,115,0.6236582,183,0.62059355,189,190,0.6094948,167,0.6046945,6,0.60009825,66,0.5861034,0.58191395,65,93,0.56984675,0.55688864,108,176,0.5472025,29,0.5415648,0.54038584,84,45,0.5360286,151,0.53329724,74,0.5325351,82,0.52127373,0.50776005,150
34,0.6278335,145,0.6249337,82,0.6210381,121,0.56679213,41,0.54970706,180,128,0.5459655,191,0.5441542,30,0.541335,133,0.53392756,0.5320075,117,75,0.5301902,0.5180039,90,44,0.51151985,177,0.50465,0.5044977,184,192,0.4903937,99,0.48997957,195,0.48629397,39,0.48467013,0.4800703,178
35,0.83859634,14,0.83305484,60,0.72320795,170,0.6705149,161,0.6450398,17,56,0.6262357,158,0.61588466,172,0.60665643,198,0.59872127,0.5967308,27,118,0.5862068,0.583833,171,16,0.5834446,140,0.5733507,0.5705503,66,94,0.55820894,192,0.55141115,21,0.54917485,154,0.5450494,0.53780603,191
36,0.81734514,197,0.80650866,130,0.7813179,62,0.7467685,144,0.7374054,78,135,0.7342152,46,0.6737112,43,0.64572465,56,0.628742,0.6098998,161,118,0.60661674,0.5846764,55,158,0.5721947,168,0.571486,0.56484234,140,154,0.5640358,155,0.5571416,198,0.5538812,17,0.5538149,0.54744464,67
37,0.6517874,133,0.5772264,180,0.569121,199,0.56292725,191,0.5539495,145,90,0.5461684,117,0.5444205,119,0.53734887,128,0.521125,0.5199758,44,178,0.49375165,0.49322903,116,192,0.49292526,11,0.492279,0.49174362,82,64,0.4718064,27,0.46425325,150,0.4501131,176,0.4500352,0.44825298,35
38,0.61968195,39,0.60857964,75,0.6077106,53,0.58749855,79,0.57755965,95,181,0.56616056,195,0.5600872,128,0.5571172,72,0.53606653,0.53492874,80,83,0.51914704,0.51268494,59,125,0.51060295,139,0.5101644,0.5065534,61,30,0.505334,131,0.5045106,76,0.49333447,104,0.4882334,0.4844411,191
39,0.7501162,79,0.7196978,75,0.69246465,53,0.67867565,125,0.67020726,195,80,0.63902104,116,0.635152,104,0.6280384,121,0.62130666,0.61968195,38,166,0.6133069,0.60960853,59,95,0.6083882,177,0.6037169,0.5994405,83,128,0.59611607,72,0.59418833,30,0.5936489,61,0.58736056,0.58667934,191
40,0.5151169,88,0.5093421,183,0.49235594,33,0.4734957,176,0.46450934,93,84,0.4588132,66,0.45390153,52,0.44908643,51,0.4269181,0.4266958,189,87,0.42083192,0.41806385,108,157,0.41458738,124,0.41433403,0.4113968,46,167,0.41009307,45,0.4084129,134,0.40706375,148,0.40671247,0.40518636,81
41,0.7167112,145,0.6880884,82,0.600592,99,0.58248365,128,0.57259727,191,117,0.5687363,34,0.56679213,192,0.56481075,180,0.5645773,0.56346476,121,90,0.55476534,0.55409336,195,75,0.5302645,177,0.52644295,0.51617056,63,133,0.51493573,6,0.51257765,116,0.5124754,30,0.5109258,0.509096,44
42,0.63138354,5,0.6024583,91,0.58598673,106,0.5671691,26,0.5470165,97,194,0.5306458,89,0.5144592,191,0.5073345,4,0.50468075,0.50312006,96,199,0.4818232,0.480975,166,1,0.47769892,181,0.47477847,0.45326975,187,114,0.44878227,19,0.44328576,192,0.44170365,61,0.4399889,0.43468094,102
43,0.6865517,130,0.6536375,197,0.64572465,36,0.63256234,62,0.6260868,135,144,0.56415665,46,0.5556332,55,0.53379416,152,0.5254562,0.5203686,56,78,0.5174906,0.49664122,168,120,0.49066672,92,0.4821982,0.48188186,8,118,0.4790216,171,0.4784661,22,0.47454524,88,0.4716794,0.46613684,27
44,0.7740513,191,0.6677201,180,0.6613391,128,0.66004264,145,0.6570783,133,117,0.654562,90,0.6518005,178,0.6488584,116,0.6434189,0.63092047,192,184,0.6308755,0.61228585,199,63,0.6055953,166,0.60497963,0.5967494,125,79,0.566308,181,0.5567807,119,0.544724,121,0.5395819,0.5378745,39
45,0.68318295,189,0.6387617,132,0.622368,88,0.5821743,115,0.5743104,105,190,0.56801534,175,0.5664077,183,0.5568732,65,0.55367446,0.54986084,87,33,0.5360286,0.5287982,108,66,0.5257686,167,0.5147982,0.5081287,13,35,0.49772096,129,0.49691892,82,0.496674,84,0.49604276,0.49408606,150
46,0.6737112,36,0.6709501,197,0.6675244,130,0.6408844,62,0.6303859,135,78,0.6091355,144,0.577773,43,0.5556332,66,0.5389941,0.5381117,55,35,0.52929735,0.524561,152,20,0.52230173,161,0.52089673,0.5126451,60,140,0.50638926,14,0.505356,88,0.50457126,170,0.5045029,0.49983478,81
47,0.5903545,73,0.4278528,140,0.42758518,112,0.42473224,146,0.42410314,185,161,0.4160679,23,0.41404253,130,0.408718,197,0.40308237,0.40064904,78,68,0.39969993,0.3995691,36,22,0.3946945,193,0.39332592,0.39113405,16,55,0.37906098,17,0.3778692,15,0.37645316,62,0.3763636,0.37505805,118
48,0.4899608,101,0.47312933,41,0.46888992,25,0.44799352,82,0.44758448,66,58,0.4437011,74,0.4401511,29,0.43798146,177,0.431579,0.43109232,34,6,0.4301317,0.42877212,52,103,0.41745067,153,0.41427422,0.41290677,121,134,0.40609726,105,0.40253258,75,0.4021623,54,0.39960963,0.3947298,179
49,0.49705455,136,0.49321848,98,0.41780943,123,0.40463036,72,0.39918378,5,70,0.39012665,131,0.3794902,11,0.37868315,87,0.36946756,0.36843234,60,63,0.36841276,0.36471546,150,3,0.36018848,86,0.35997254,0.35891515,188,104,0.3523563,45,0.35086334,109,0.3485576,35,0.34678,0.3418008,79
50,0.94278574,147,0.93466413,182,0.839139,94,0.8174663,68,0.78424317,140,141,0.7418691,22,0.6792132,23,0.6326291,146,0.620779,0.57708263,55,185,0.5740008,0.5714427,15,173,0.5710368,56,0.56313485,0.5466903,100,192,0.5331105,159,0.5308465,161,0.52659154,169,0.5233185,0.52032083,9
51,0.5644985,12,0.55851877,149,0.4950823,6,0.4935987,81,0.441885,33,40,0.4269181,183,0.4207461,62,0.41560137,66,0.40407133,0.40102014,88,43,0.39688072,0.3959621,139,84,0.39309084,95,0.3917742,0.38733572,10,82,0.38605678,52,0.374763,56,0.36718476,148,0.36542174,0.3635173,20
52,0.7725849,153,0.7433027,71,0.6821197,74,0.64906955,58,0.6474277,29,66,0.63424546,151,0.6120974,54,0.6074819,150,0.60547984,0.6026969,134,101,0.5941392,0.5918782,103,179,0.58945835,113,0.5854151,0.55568594,0,25,0.5477519,138,0.5419841,88,0.539166,129,0.53256524,0.5166557,102
53,0.69246465,39,0.6902621,75,0.64420265,79,0.63496476,80,0.6318525,195,72,0.6077595,38,0.6077106,125,0.6001889,61,0.57127047,0.5670943,59,30,0.5621561,0.56183577,131,83,0.5582187,95,0.54284024,0.5321483,145,128,0.5202078,76,0.513512,137,0.51035845,192,0.50913495,0.5051732,142
54,0.755563,134,0.7555629,103,0.7449562,58,0.7411051,71,0.73146737,153,29,0.7272253,74,0.7243297,151,0.70539343,101,0.69988704,0.69756883,113,66,0.6830027,0.6825155,138,179,0.6805414,102,0.67170024,0.6368046,0,129,0.62531376,21,0.6177025,69,0.61211133,150,0.6119525,0.6074819,52
55,0.71938956,130,0.61720085,197,0.61333215,100,0.59972906,152,0.5883501,68,56,0.5861138,36,0.5846764,9,0.5785867,50,0.57708263,0.5744311,169,140,0.569749,0.55734426,159,135,0.5532429,122,0.5489117,0.54830956,173,27,0.5478642,78,0.54662585,144,0.5422287,147,0.54178596,0.5381117,46
56,0.8321746,118,0.8178707,198,0.8162924,27,0.81076205,161,0.8071743,155,158,0.7822681,17,0.7584978,16,0.7492751,171,0.7416518,0.7146326,168,31,0.7138697,0.69306743,92,120,0.6615754,154,0.6525793,0.64674795,193,130,0.64463985,36,0.628742,172,0.6267406,35,0.6262357,0.61603945,14
57,0.6428064,125,0.58928335,79,0.58824116,195,0.54618573,187,0.5451917,61,121,0.5444685,59,0.53291833,75,0.53081584,166,0.5253134,0.5156797,180,63,0.51096886,0.50976586,44,178,0.5067584,191,0.502865,0.49736485,104,80,0.49734378,117,0.49488848,83,0.4897342,53,0.48961002,0.4800886,95
58,0.7455604,71,0.7449562,54,0.7320719,134,0.73033005,74,0.7283914,153,66,0.72666025,103,0.7246547,151,0.72189975,29,0.70954096,0.7021954,150,113,0.68519497,0.68093544,138,129,0.67672396,179,0.66863096,0.6631526,102,101,0.6630125,52,0.64906955,21,0.61474264,69,0.61031574,0.58882403,127
59,0.7324535,95,0.68641293,61,0.6578331,83,0.655908,79,0.65292084,75,181,0.638685,195,0.6319712,80,0.62504846,166,0.6148964,0.60960853,39,30,0.6045134,0.5762671,72,191,0.574667,137,0.57067406,0.5670943,53,131,0.561429,139,0.55670154,187,0.5536015,44,0.53663063,0.5348716,104
60,0.83305484,35,0.81922686,14,0.69727993,170,0.6890928,161,0.66288704,27,17,0.64128244,56,0.6130507,198,0.59733725,158,0.5767831,0.5707263,172,171,0.5619108,0.5611945,16,88,0.54360485,118,0.5412059,0.53971326,191,192,0.53813386,193,0.53686905,140,0.5316005,66,0.52341413,0.5183338,145
61,0.68641293,59,0.66856515,166,0.64618874,83,0.6341619,80,0.6285839,75,95,0.6270076,79,0.6098005,195,0.6025747,181,0.59663975,0.58736056,39,30,0.5819361,0.5755482,137,53,0.57127047,76,0.5660082,0.5621828,72,191,0.56069374,156,0.5492041,57,0.5451917,125,0.5375767,0.53125906,199
62,0.7813179,36,0.73469144,135,0.7039803,130,0.6818915,197,0.6525224,144,46,0.6408844,43,0.63256234,78,0.61305714,56,0.5596652,0.55182284,118,161,0.5431211,0.5360006,55,168,0.53030276,155,0.51740444,0.49567133,112,17,0.49412116,120,0.4830715,158,0.48155773,10,0.4769619,0.47646993,171
63,0.7032859,184,0.67906296,180,0.65892565,191,0.64252865,128,0.63090354,117,192,0.6286311,145,0.6241504,116,0.6153308,44,0.6055953,0.6000688,178,125,0.5867082,0.5743042,90,79,0.5718932,133,0.55545366,0.5397282,82,5,0.532076,75,0.52134323,39,0.51836133,41,0.51617056,0.51096886,57
64,0.6067507,26,0.55637586,187,0.5445615,91,0.5425757,96,0.5405219,114,5,0.539251,97,0.52461207,106,0.51071626,19,0.5037886,0.5031676,151,194,0.5005026,0.4949125,4,111,0.48967177,88,0.48921162,0.48519778,150,71,0.48467112,37,0.4718064,83,0.46727762,80,0.4648636,0.4598906,156
65,0.66564816,88,0.63844055,105,0.5921315,189,0.58746415,115,0.58204114,167,33,0.58191395,74,0.57822615,183,0.5778614,108,0.5725814,0.55367446,45,6,0.538451,0.535754,190,29,0.5240714,93,0.5052322,0.5048599,132,82,0.5012647,84,0.48810774,58,0.4860555,87,0.48358405,0.47790366,175
66,0.7401167,134,0.73805416,29,0.72666025,58,0.7261374,103,0.7166637,74,151,0.7157819,25,0.7091415,101,0.69290316,71,0.6903731,0.683758,138,54,0.6830027,0.6730637,113,129,0.672435,102,0.66296005,0.65254533,179,88,0.64841723,21,0.6481216,153,0.6437138,52,0.63424546,0.62484086,69
67,0.8749122,13,0.7794592,8,0.70663154,10,0.70648277,160,0.7060429,85,122,0.6920254,165,0.6342344,32,0.58881706,140,0.5508976,0.54744464,36,100,0.5449587,0.5426556,164,66,0.5412014,159,0.5201441,0.5136584,88,113,0.5118916,191,0.5099257,9,0.50866604,44,0.505234,0.5011139,68
68,0.8174663,50,0.8120075,182,0.7926787,147,0.7805434,94,0.7773332,140,23,0.71447396,22,0.70814586,141,0.6634375,185,0.6442946,0.60549486,56,118,0.58896714,0.5883501,55,15,0.58074623,146,0.5766612,0.57404286,92,198,0.57212746,192,0.56719255,161,0.5656494,173,0.5607741,0.54954934,130
69,0.65940803,103,0.65711653,134,0.63784754,101,0.62484086,66,0.6239036,74,54,0.61211133,58,0.61031574,29,0.6102059,138,0.6087373,0.60692227,151,113,0.5960243,0.58205354,129,153,0.5768589,179,0.5732717,0.57240635,71,102,0.5701556,52,0.51368356,25,0.51106745,127,0.5052849,0.5042283,0
70,0.6184612,123,0.45069033,129,0.4484318,71,0.44497684,66,0.44394153,136,58,0.44060177,101,0.43731585,150,0.43518955,151,0.4318174,0.4259765,25,54,0.4244564,0.42206386,110,103,0.42041618,189,0.41520435,0.40813738,29,127,0.40575865,69,0.404844,52,0.40358222,74,0.397288,0.39436078,45
71,0.7963971,153,0.7587185,134,0.7455604,58,0.7433027,52,0.74266136,29,54,0.7411051,151,0.72431326,113,0.7145027,103,0.7065457,0.70364237,74,66,0.6903731,0.67109644,101,138,0.6697697,129,0.6483012,0.6293899,102,0,0.62088215,179,0.6166692,150,0.61579084,21,0.5984582,0.58527595,25
72,0.72595584,131,0.6853639,79,0.6767319,80,0.67608595,104,0.65276206,174,195,0.64807105,181,0.6122124,75,0.6095234,83,0.6077788,0.6077595,53,39,0.59418833,0.58981836,180,133,0.5892302,125,0.586468,0.58165145,95,11,0.58078647,59,0.5762671,166,0.57080305,5,0.56443304,0.5621828,61
73,0.5903545,47,0.48130172,130,0.47555393,36,0.46879283,112,0.4638132,197,161,0.45614642,46,0.45407978,146,0.44404638,62,0.443513,0.4391178,144,140,0.43473363,0.43181884,55,135,0.42715317,166,0.4203053,0.41078794,78,15,0.40661168,22,0.39869064,192,0.38849658,17,0.3850346,0.38173383,154
74,0.7902217,29,0.7503413,103,0.7466171,153,0.73033005,58,0.7243867,179,54,0.7243297,66,0.7166637,71,0.70364237,151,0.70358306,0.6971625,134,102,0.6836127,0.6821197,52,113,0.6762403,101,0.67273676,0.65359634,0,138,0.63275176,129,0.631947,69,0.6239036,150,0.61389273,0.60655236,148
75,0.76895463,195,0.7196978,39,0.71827245,80,0.69947535,83,0.69442254,95,53,0.6902621,79,0.68846536,30,0.6545916,59,0.65292084,0.6504636,125,61,0.6285839,0.62793696,121,145,0.62207186,177,0.6121689,0.6095234,72,38,0.60857964,76,0.60554516,137,0.60393465,104,0.60146534,0.59508336,181
76,0.7249702,162,0.706113,195,0.6269436,95,0.61778355,83,0.60565406,80,75,0.60554516,39,0.5819758,181,0.5766827,61,0.5660082,0.565385,104,79,0.5579537,0.5506879,30,72,0.5487244,59,0.5322856,0.52400005,137,180,0.51381874,53,0.513512,156,0.5090983,139,0.50317687,0.50242794,96
77,0.49133855,35,0.48937312,60,0.48693442,39,0.48683196,14,0.48558262,21,33,0.47383058,88,0.45161766,66,0.4473881,170,0.44600612,0.44245094,6,191,0.4375912,0.43654716,145,166,0.42639926,105,0.42370474,0.42063835,151,56,0.4183386,188,0.41828376,116,0.4180383,181,0.41573232,0.41512698,192
78,0.7374054,36,0.73618,197,0.73170817,130,0.726211,144,0.6354178,135,62,0.61305714,46,0.6091355,55,0.54662585,118,0.5196601,0.5183013,161,43,0.5174906,0.50985605,17,16,0.50605816,56,0.5050981,0.49198225,140,146,0.4813307,158,0.47838843,27,0.46473795,15,0.4633304,0.45618856,198
79,0.7595606,125,0.7501162,39,0.70901453,104,0.7044686,195,0.68846536,75,72,0.6853639,166,0.67592716,174,0.6738382,83,0.6601768,0.655908,59,121,0.6533302,0.6528971,80,53,0.64420265,177,0.6435542,0.62841165,191,95,0.6234121,181,0.61162907,61,0.6098005,180,0.5982575,0.58928335,57
80,0.7202747,195,0.72026944,83,0.71827245,75,0.6767319,72,0.6623429,95,79,0.6528971,30,0.6407095,39,0.63902104,181,0.6360532,0.63496476,53,61,0.6341619,0.62832975,156,59,0.62504846,137,0.6065863,0.60565406,76,166,0.60050803,174,0.58773565,104,0.58692837,133,0.5763136,0.5713968,121
81,0.73681754,12,0.7234658,149,0.5619603,6,0.5349177,161,0.52693605,170,56,0.5233812,14,0.5088684,55,0.50164664,46,0.49983478,0.495533,35,51,0.4935987,0.48610485,118,17,0.47526833,27,0.47487706,0.47064364,198,60,0.46829018,140,0.46362844,169,0.4602849,155,0.45624197,0.4549805,158
82,0.6880884,41,0.65965915,145,0.6249337,34,0.62001395,180,0.60898614,117,191,0.6069098,6,0.5983362,99,0.5936297,128,0.5892631,0.5860467,192,195,0.5840234,0.58323,133,90,0.55739045,88,0.5482929,0.5470691,115,116,0.5446001,75,0.5420693,184,0.540915,63,0.5397282,0.5392953,11
83,0.75359726,95,0.7315917,195,0.72026944,80,0.69947535,75,0.67848855,181,79,0.6601768,59,0.6578331,30,0.65175694,61,0.64618874,0.6247901,137,104,0.62045217,0.61778355,76,166,0.6102627,72,0.6077788,0.60594344,156,39,0.5994405,191,0.5703932,174,0.56669766,139,0.5584942,0.5582187,53
84,0.5661354,183,0.56084615,93,0.5500138,115,0.5494949,132,0.54038584,33,105,0.50970197,52,0.509356,45,0.49604276,88,0.49487105,0.48810774,65,108,0.48034567,0.4753409,6,82,0.47210944,189,0.46748418,0.4615981,87,40,0.4588132,124,0.45562553,176,0.43954718,150,0.42789882,0.41940457,66
85,0.7152165,13,0.71169955,10,0.7096796,122,0.7060429,67,0.67464745,8,160,0.656599,165,0.56229293,100,0.55552995,32,0.5481622,0.5296967,88,55,0.5144905,0.5102384,159,9,0.5074136,66,0.5030771,0.4958691,151,54,0.49530846,107,0.4923287,164,0.48736256,35,0.48552993,0.48347253,24
86,0.5206615,115,0.5135491,88,0.505839,105,0.49281165,183,0.46272826,67,192,0.457489,151,0.45747077,33,0.4574569,60,0.4567117,0.44911486,160,35,0.44684625,0.4467336,13,45,0.44432497,63,0.44179344,0.43919408,82,189,0.43912017,58,0.43902332,72,0.43736926,175,0.43256223,0.430798,10
87,0.6456244,108,0.58105326,143,0.5549232,88,0.54986084,45,0.5445228,98,183,0.5413327,189,0.5363262,115,0.52368736,176,0.5064769,0.49967492,105,33,0.4921608,0.48358405,65,82,0.47141328,106,0.47057015,0.46759892,132,84,0.4615981,6,0.45648164,35,0.4554767,190,0.44200066,0.43815452,191
88,0.6932154,183,0.66564816,65,0.65317,105,0.64841723,66,0.6384607,33,151,0.6318443,45,0.622368,167,0.6193726,115,0.60432565,0.58532214,29,74,0.5837834,0.5754939,189,108,0.5724467,103,0.56776965,0.56761986,6,58,0.5574682,157,0.5568287,87,0.5549232,190,0.55153215,0.5508419,54
89,0.59060395,91,0.580506,187,0.5737884,5,0.5571153,4,0.54704636,97,26,0.5395647,194,0.53311527,96,0.5318798,106,0.5205418,0.5144592,42,191,0.51169527,0.50069696,166,184,0.50017154,114,0.49259153,0.479854,125,19,0.47931218,180,0.47782987,63,0.47560632,178,0.47038576,0.45931685,44
90,0.753031,117,0.72187287,191,0.71738553,145,0.70459765,128,0.67182714,192,180,0.6569822,133,0.6564851,44,0.6518005,199,0.6497221,0.602315,119,116,0.5837672,0.5781876,184,63,0.5743042,178,0.5574699,0.55739045,82,41,0.55476534,37,0.5461684,34,0.5180039,125,0.5098429,0.50119674,181
91,0.7770932,5,0.7352636,194,0.69752294,106,0.6921112,26,0.6637564,97,4,0.6451137,19,0.6393678,96,0.6257926,42,0.6024583,0.59445304,187,89,0.59060395,0.5678303,191,111,0.5645429,166,0.55304384,0.5478252,114,174,0.5460359,64,0.5445615,184,0.53353333,103,0.5152795,0.5139359,150
92,0.8027787,168,0.69306743,56,0.6496848,198,0.63969076,27,0.63861763,120,118,0.63747114,154,0.62834775,31,0.6084788,197,0.6071749,0.60007674,161,130,0.59731627,0.5833661,155,16,0.5789254,68,0.57404286,0.5567635,171,158,0.54833186,28,0.54790163,55,0.53668445,193,0.5341849,0.5288964,17
93,0.6784605,115,0.5819762,167,0.5818473,105,0.56984675,33,0.56084615,84,88,0.5401739,150,0.536906,134,0.51891035,183,0.51174366,0.5052322,65,58,0.5005059,0.4965663,132,45,0.4855159,189,0.48386413,0.4735573,74,66,0.46965554,153,0.4677567,40,0.46450934,151,0.4640974,0.46280128,71
94,0.839139,50,0.83508,147,0.81717455,182,0.7805434,68,0.7709135,140,141,0.65316653,22,0.6343014,23,0.62670004,146,0.57951283,0.57801175,15,192,0.56582654,0.55820894,35,185,0.5483384,173,0.53095317,0.5213834,56,55,0.520932,14,0.5192473,161,0.5186368,100,0.51564306,0.5136656,151
95,0.75359726,83,0.7324535,59,0.7045959,195,0.69442254,75,0.6654239,181,80,0.6623429,139,0.6602028,30,0.651778,61,0.6270076,0.6269931,104,76,0.6269436,0.6234121,79,39,0.6083882,137,0.6000757,0.58165145,72,38,0.57755965,121,0.56722385,180,0.5646033,162,0.5603627,0.5565756,156
96,0.6629127,5,0.6386539,194,0.6333543,26,0.6257926,91,0.60266864,4,187,0.57514274,106,0.57273895,97,0.5625464,19,0.5523865,0.5458724,111,64,0.5425757,0.5378463,114,89,0.5318798,180,0.528492,0.50312006,42,76,0.50242794,104,0.49819124,195,0.48120952,150,0.47874284,0.46881384,102
97,0.6637564,91,0.6216324,5,0.6056341,194,0.5937092,26,0.58472514,106,96,0.5625464,166,0.5570371,19,0.5551274,187,0.54831624,0.54704636,89,42,0.5470165,0.5393945,4,64,0.52461207,111,0.51373386,0.50553554,61,174,0.5054871,189,0.48970193,178,0.4859798,114,0.4808238,0.47938335,191
98,0.5445228,87,0.49321848,49,0.48985896,115,0.4634276,150,0.4585392,143,88,0.44075823,189,0.4351769,45,0.43114036,33,0.430403,0.4203046,7,176,0.4077196,0.3930403,11,183,0.39184684,84,0.39163852,0.3906494,108,64,0.38846898,80,0.37951747,6,0.3770222,132,0.37167954,0.36830842,136
99,0.600592,41,0.5936297,82,0.5699803,145,0.5145017,180,0.5024102,117,192,0.49427938,191,0.49188957,34,0.48997957,128,0.4738094,0.47377494,24,199,0.47122794,0.46868557,133,119,0.45728046,90,0.44968235,0.44434136,44,178,0.4384209,37,0.4329906,176,0.41355228,116,0.4109373,0.39319867,30
100,0.73266065,159,0.69535035,9,0.6670339,122,0.65293473,169,0.64971787,141,23,0.64446855,186,0.6296525,173,0.6246811,55,0.61333215,0.60441804,140,146,0.5909567,0.5884496,107,164,0.58274716,8,0.57730865,0.55552995,85,50,0.5466903,67,0.5449587,68,0.54159856,22,0.53176516,0.5236602,12
101,0.80221057,25,0.7234798,134,0.72182715,0,0.7127826,103,0.69988704,54,29,0.6932535,66,0.69290316,74,0.67273676,71,0.67109644,0.6684762,153,151,0.66705257,0.6630125,58,69,0.63784754,138,0.62759864,0.6231507,129,102,0.620785,113,0.61544514,179,0.6120697,52,0.5941392,0.58150434,150
102,0.6881765,29,0.6875504,103,0.6836127,74,0.67170024,54,0.66743016,113,134,0.6640172,58,0.6631526,66,0.66296005,129,0.65024483,0.6380658,138,151,0.63618493,0.6293899,71,153,0.6280339,101,0.620785,0.60224915,179,21,0.59427977,127,0.5930895,0,0.5781001,69,0.5701556,0.5518992,150
103,0.77133435,138,0.7555629,54,0.7503413,74,0.74691343,134,0.74256563,21,29,0.7394016,66,0.7261374,58,0.7246547,101,0.7127826,0.7065457,71,151,0.7015742,0.6915733,153,102,0.6875504,113,0.6707215,0.66523516,129,69,0.65940803,179,0.6581211,0,0.64938295,25,0.6157939,0.61538935,127
104,0.70901453,79,0.67608595,72,0.63865733,177,0.6374099,125,0.63329893,195,39,0.6280384,95,0.6269931,121,0.6205567,83,0.62045217,0.60587585,174,75,0.60146534,0.58692837,80,166,0.5819683,180,0.570151,0.565385,76,131,0.5625458,188,0.54986084,142,0.54404587,59,0.5348716,0.5220969,5
105,0.70310575,167,0.6663201,33,0.65317,88,0.65310526,189,0.65053767,115,65,0.63844055,183,0.58243835,93,0.5818473,45,0.5743104,0.5553554,132,124,0.54895324,0.5402031,175,103,0.53222555,190,0.53060484,0.52816325,82,54,0.5278677,6,0.5277877,151,0.52373886,74,0.5198441,0.5137423,108
106,0.69752294,91,0.6711978,26,0.662213,5,0.6556181,194,0.58598673,42,97,0.58472514,187,0.5800128,4,0.5782902,96,0.57273895,0.52601075,191,89,0.5205418,0.51071626,64,108,0.5079416,114,0.50237477,0.49993575,19,180,0.4921726,128,0.49185592,133,0.4805631,105,0.4727785,0.47253227,79
107,0.6996165,9,0.6979679,186,0.6068312,164,0.59235287,169,0.5884496,100,159,0.57534695,173,0.55640554,10,0.5092303,85,0.4923287,0.48688483,122,8,0.48667008,0.47966796,140,67,0.4694538,110,0.4688543,0.46486163,141,55,0.46153444,146,0.45397848,160,0.4514735,13,0.4374142,0.42829028,94
108,0.6456244,87,0.59711087,183,0.5725814,65,0.5724467,88,0.55688864,33,45,0.5287982,143,0.52671576,6,0.51602364,115,0.5141429,0.5137423,105,106,0.5079416,0.5066877,35,29,0.50140995,132,0.48459828,0.48034567,84,191,0.47470227,66,0.47131878,176,0.46887517,14,0.46484476,0.46164814,151
109,0.49520874,39,0.49490178,121,0.490749,79,0.4825986,166,0.48197585,191,125,0.4796197,174,0.46429724,67,0.4563812,177,0.45462045,0.4500429,44,188,0.4461394,0.43564346,116,180,0.4318671,45,0.42930654,0.41727,128,63,0.4171682,104,0.41647744,184,0.41613945,59,0.41482195,0.4137521,72
110,0.5655875,143,0.49911132,94,0.47644186,29,0.4728366,66,0.47283298,79,169,0.4711507,189,0.47070193,167,0.470667,100,0.46974707,0.4688543,107,88,0.46584958,0.46551394,187,75,0.46480498,82,0.46200016,0.4609669,160,9,0.46094292,39,0.4566149,152,0.45482528,176,0.45295584,0.45211405,174
111,0.57681155,5,0.5645429,91,0.5458724,96,0.5335382,26,0.5276828,19,194,0.5221776,187,0.521029,97,0.51373386,4,0.4949742,0.48967177,64,114,0.48638642,0.44533485,106,79,0.43611747,174,0.43235314,0.4322067,178,180,0.42581612,89,0.4203475,42,0.41257197,150,0.4114645,0.40704682,193
112,0.49567133,62,0.46879283,73,0.4439586,197,0.42758518,47,0.42620882,130,36,0.42375797,135,0.39591095,139,0.39500087,148,0.39321387,0.39041877,144,55,0.38835484,0.37431872,46,43,0.36394224,152,0.35790533,0.35702002,51,140,0.3475803,17,0.34601986,146,0.34585053,78,0.33531296,0.33199716,56
113,0.7193383,134,0.7145027,71,0.69756883,54,0.68519497,58,0.68018943,151,29,0.6798166,74,0.6762403,66,0.6730637,103,0.6707215,0.66743016,102,179,0.6483098,0.64048743,138,153,0.6404227,101,0.61544514,0.6030457,21,148,0.59699273,69,0.5960243,52,0.5854151,0,0.58409166,0.54481804,129
114,0.63381106,26,0.5478252,91,0.54672027,5,0.54671407,194,0.5405219,64,96,0.5378463,106,0.50237477,4,0.50147635,89,0.49259153,0.48638642,111,97,0.4808238,0.47839934,187,19,0.4692701,122,0.45382816,0.44934756,159,42,0.44878227,100,0.43637133,57,0.43007204,90,0.409077,0.40647826,191
115,0.6821507,150,0.6784605,93,0.65053767,105,0.6326376,33,0.60432565,88,6,0.5965948,65,0.58746415,167,0.5848645,183,0.58486086,0.5821743,45,84,0.5500138,0.5470691,82,132,0.5398066,72,0.53036743,0.52996194,189,58,0.5271583,87,0.52368736,86,0.5206615,190,0.5151603,0.5141429,108
116,0.70262945,191,0.67224586,128,0.6542585,180,0.6498066,178,0.6434189,44,39,0.635152,184,0.624271,133,0.62344944,117,0.616736,0.6153308,63,145,0.59935796,0.58544314,192,90,0.5837672,199,0.5691887,0.5446001,82,119,0.5385985,79,0.535591,125,0.5199424,41,0.5124754,0.5084984,11
117,0.753031,90,0.7526529,145,0.71055186,191,0.6983063,128,0.6957735,119,180,0.6946326,192,0.6588107,44,0.654562,184,0.6336917,0.6319324,199,63,0.63090354,0.62517405,133,116,0.616736,82,0.60898614,0.6066731,178,41,0.5687363,195,0.5559975,125,0.54749954,37,0.5444205,0.5395325,79
118,0.8321746,56,0.7839498,161,0.76146746,17,0.75609875,155,0.7546618,198,16,0.74831176,171,0.72995114,27,0.7286681,158,0.7054068,0.6770824,31,168,0.6693902,0.63852113,120,92,0.63747114,36,0.60661674,0.592121,140,154,0.5921149,68,0.58896714,66,0.5876281,35,0.5862068,0.5724888,193
119,0.6984655,145,0.6957735,117,0.65599716,199,0.6191248,191,0.602315,90,180,0.578247,192,0.5649356,133,0.5648186,128,0.5476837,0.544724,44,116,0.5385985,0.53734887,37,82,0.49931538,41,0.49889842,0.49258634,63,178,0.4861228,39,0.4780768,75,0.47355503,79,0.46836343,0.4672967,137
120,0.69809806,168,0.6895474,28,0.6693243,16,0.6615754,56,0.63883424,31,92,0.63861763,118,0.63852113,171,0.61570805,27,0.61491454,0.61319554,161,154,0.6083861,0.58446884,155,140,0.57828844,158,0.57398,0.55659795,198,17,0.54424894,185,0.5357697,130,0.5315783,23,0.52518225,0.52276564,22
121,0.7781873,177,0.7636508,125,0.65611327,166,0.6533302,79,0.62793696,75,195,0.6266179,39,0.62130666,34,0.6210381,104,0.6205567,0.60559833,30,145,0.591143,0.58042055,174,142,0.57255644,80,0.5713968,0.56722385,95,41,0.56346476,191,0.55213547,180,0.55074835,57,0.5444685,0.54320693,188
122,0.7147995,8,0.7122332,10,0.7096796,85,0.6920254,67,0.6670339,100,159,0.6653534,13,0.65879047,160,0.6566306,9,0.570319,0.5489117,55,165,0.5313487,0.5239934,23,140,0.5148055,24,0.51338774,0.51254267,173,32,0.5094589,169,0.5039056,66,0.49383304,141,0.4891314,0.48821148,186
123,0.6184612,70,0.4424717,136,0.4282058,189,0.41780943,49,0.412135,143,45,0.4118531,87,0.37217587,110,0.3628032,35,0.35734606,0.3488077,190,53,0.3421406,0.3376717,54,7,0.32100913,59,0.31960624,0.31953955,98,39,0.30739197,88,0.30286765,187,0.3027308,101,0.3004049,0.29608756,191
124,0.54895324,105,0.5058761,157,0.502949,88,0.4919215,33,0.48054537,151,66,0.46956015,167,0.46913272,183,0.46330816,176,0.45863122,0.45569593,93,84,0.45562553,0.4525269,65,6,0.44154283,82,0.43948084,0.43084309,115,160,0.42709446,86,0.42529058,190,0.42287523,192,0.42236295,0.41667134,122
125,0.7636508,121,0.7595606,79,0.7282181,177,0.7064816,166,0.67867565,39,75,0.6504636,57,0.6428064,104,0.6374099,174,0.63154125,0.6197642,195,191,0.6075557,0.6040708,188,53,0.6001889,142,0.5986446,0.5967494,44,63,0.5867082,72,0.586468,180,0.57354426,145,0.5610641,0.557064,128
126,0.53166854,158,0.51697487,17,0.49426448,56,0.4916662,193,0.48905745,161,198,0.48892844,171,0.48202285,27,0.4746651,154,0.4737028,0.46776804,118,155,0.43317348,0.43294507,16,31,0.43270642,60,0.42618316,0.42462802,35,92,0.40356988,14,0.39141035,127,0.38828447,120,0.3802026,0.379732,168
127,0.61538935,103,0.6147275,129,0.60049546,29,0.5930895,102,0.58882403,58,54,0.5821004,74,0.5734645,151,0.5650746,66,0.56077516,0.54946715,138,101,0.5452324,0.5429457,113,21,0.53745663,150,0.5169982,0.51574755,71,134,0.51486593,179,0.51421094,69,0.5052849,25,0.50062764,0.48896337,0
128,0.7533343,191,0.7392775,180,0.70658267,145,0.70459765,90,0.6983063,117,192,0.68748164,199,0.6843809,116,0.67224586,133,0.66880345,0.6613391,44,63,0.64252865,0.6245264,178,184,0.5963394,39,0.59611607,0.5892631,82,41,0.58248365,75,0.5623299,38,0.5571172,125,0.557064,0.5536263,79
129,0.74173594,19,0.67672396,58,0.672435,66,0.66998893,29,0.66523516,103,102,0.65024483,71,0.6483012,134,0.6445646,150,0.63652694,0.631947,74,54,0.62531376,0.6231507,101,138,0.6173569,127,0.6147275,0.6142681,153,69,0.58205354,179,0.5794249,151,0.5716409,25,0.5551202,0.5483912,21
130,0.8442408,197,0.80650866,36,0.78408074,144,0.75419056,135,0.73170817,78,55,0.71938956,62,0.7039803,43,0.6865517,46,0.6675244,0.64463985,56,92,0.59731627,0.5946034,198,161,0.5927781,27,0.59153223,0.58545506,168,68,0.54954934,152,0.5445973,118,0.54243284,158,0.53896046,0.5380926,16
131,0.72595584,72,0.58730507,79,0.5709251,195,0.5625458,104,0.56183577,53,59,0.561429,80,0.5499488,181,0.5491971,95,0.54326785,0.53518087,83,61,0.51907665,0.51278996,39,38,0.5045106,75,0.49411672,0.4907996,5,90,0.48145086,174,0.47919604,76,0.47757566,142,0.4764356,0.4757468,191
132,0.6387617,45,0.56867296,190,0.5553554,105,0.5494949,84,0.5454365,183,115,0.5398066,88,0.5377377,189,0.5298581,175,0.5091243,0.5048599,65,33,0.5025778,0.4965663,93,129,0.4871322,108,0.48459828,0.4696521,5,122,0.46942097,66,0.46820462,87,0.46759892,6,0.45724642,0.45300734,102
133,0.7085766,191,0.69399774,145,0.6828071,180,0.66880345,128,0.6570783,44,90,0.6564851,37,0.6517874,117,0.62517405,116,0.62344944,0.61567426,192,11,0.6072573,0.6057539,199,178,0.59187806,72,0.5892302,0.58323,82,80,0.5763136,119,0.5648186,63,0.55545366,184,0.54700446,0.53392756,34
134,0.7587185,71,0.755563,54,0.74691343,103,0.7401167,66,0.7320719,58,29,0.7300484,153,0.7289599,138,0.72803926,101,0.7234798,0.7193383,113,74,0.6971625,0.6879587,151,102,0.6640172,179,0.6607244,0.65711653,69,129,0.6445646,21,0.6155076,25,0.61450446,52,0.6026969,0.58890593,148
135,0.75419056,130,0.73469144,62,0.7342152,36,0.7183777,197,0.70411795,144,78,0.6354178,46,0.6303859,43,0.6260868,55,0.5532429,0.55287313,56,198,0.5229652,0.51213205,118,168,0.5072806,161,0.47342122,0.47098637,68,22,0.46777642,16,0.45827276,152,0.45780534,140,0.4560672,0.44155407,171
136,0.49705455,49,0.44394153,70,0.4424717,123,0.42329845,110,0.41907817,7,143,0.41076463,5,0.40155345,72,0.39985687,45,0.38801175,0.37894237,191,189,0.37500593,0.36872137,97,98,0.36830842,109,0.36701792,0.36659676,35,184,0.36594212,129,0.36364305,19,0.36172608,1,0.35900408,0.35826772,178
137,0.6247901,83,0.6065863,80,0.60393465,75,0.6000757,95,0.5846547,79,61,0.5755482,39,0.57122344,59,0.57067406,195,0.5704385,0.5483475,166,30,0.5482069,0.5332994,181,76,0.52400005,156,0.51486397,0.51189107,187,53,0.51035845,125,0.50912046,191,0.50738317,145,0.50220037,0.48825085,180
138,0.77133435,103,0.72803926,134,0.68855804,151,0.683758,66,0.68353975,21,54,0.6825155,58,0.68093544,71,0.6697697,29,0.6479176,0.64048743,113,102,0.6380658,0.63275176,74,101,0.62759864,129,0.6173569,0.6114801,153,69,0.6087373,179,0.5724311,127,0.54946715,52,0.5419841,0.54037905,150
139,0.6602028,95,0.6066725,30,0.57486284,181,0.5584942,83,0.55670154,59,75,0.5333489,79,0.5292005,195,0.5125265,61,0.51156294,0.5101644,38,76,0.50317687,0.49505335,80,166,0.4946241,121,0.49281788,0.48403972,72,156,0.47409907,39,0.4703738,191,0.46685266,131,0.45958757,0.4592418,137
140,0.78424317,50,0.7785375,141,0.7773332,68,0.7709135,94,0.74345744,147,182,0.7228451,146,0.654307,22,0.64796257,161,0.6410038,0.6115463,15,23,0.60618347,0.60441804,100,56,0.5925535,118,0.592121,0.5837652,17,120,0.57828844,35,0.5733507,55,0.569749,185,0.5673126,0.56484234,36
141,0.7785375,140,0.7418691,50,0.68475974,147,0.6634375,68,0.65316653,94,182,0.65185875,100,0.64971787,146,0.646641,9,0.5988653,0.56474507,15,159,0.56393814,0.54947436,56,186,0.5483675,173,0.54516244,0.5358925,55,154,0.5326035,161,0.53204226,22,0.531168,23,0.5217731,0.51907647,169
142,0.5986446,125,0.57255644,121,0.56300557,79,0.54404587,104,0.54180735,177,166,0.5379312,195,0.53322405,128,0.50795937,53,0.5051732,0.5030308,39,80,0.5030284,0.492994,75,192,0.48213077,131,0.4764356,0.47556055,90,145,0.472803,30,0.46650195,117,0.45801467,180,0.45708418,0.4532395,38
143,0.58105326,87,0.5655875,110,0.55813336,178,0.52995515,187,0.52671576,108,7,0.51560265,69,0.49330205,39,0.48324433,180,0.4803341,0.47739184,191,166,0.46813303,0.46722394,128,98,0.4585392,189,0.45663428,0.45516723,97,59,0.45513314,167,0.45363474,75,0.45315918,35,0.45254344,0.45149106,106
144,0.78786594,197,0.78408074,130,0.7467685,36,0.726211,78,0.70411795,135,62,0.6525224,46,0.577773,43,0.56415665,56,0.54454243,0.5422287,55,161,0.5308356,0.5296197,198,92,0.52313304,16,0.5029439,0.4972909,158,118,0.4953925,120,0.4949897,168,0.49250314,171,0.49201846,0.48797184,155
145,0.7526529,117,0.72959435,191,0.7260877,192,0.71738553,90,0.7167112,41,128,0.70658267,180,0.7032511,119,0.6984655,133,0.69399774,0.66004264,44,82,0.65965915,0.6278335,34,63,0.6241504,199,0.6229354,0.62207186,75,195,0.6137663,116,0.59935796,121,0.591143,184,0.59086037,0.5728811,14
146,0.66605055,22,0.654307,140,0.646641,141,0.620779,50,0.61652917,23,185,0.61527365,15,0.6131334,147,0.59614456,100,0.5909567,0.5901498,182,94,0.57951283,0.5766612,68,159,0.5663595,56,0.5633026,0.5432583,36,173,0.5146426,197,0.5126555,161,0.507081,120,0.50656915,0.5050041,55
147,0.94278574,50,0.9418123,182,0.83508,94,0.7926787,68,0.74345744,140,141,0.68475974,22,0.66100943,23,0.6285392,146,0.59614456,0.57190114,185,15,0.5713951,0.5627246,173,56,0.54742235,55,0.54178596,0.51403034,118,9,0.5100173,92,0.5098176,169,0.5092682,198,0.5088975,0.5059316,192
148,0.60655236,74,0.59699273,113,0.59219563,151,0.5903028,29,0.58890593,134,58,0.5806987,179,0.5769027,71,0.572668,54,0.56544334,0.558204,66,21,0.54747856,0.5453732,103,138,0.52865314,0,0.51228267,0.50706756,102,52,0.50575984,101,0.5042945,153,0.49816352,25,0.4896959,0.47281605,129
149,0.75808394,12,0.7234658,81,0.55851877,51,0.49275583,6,0.48560238,55,56,0.4776001,130,0.4635809,181,0.4558319,198,0.44885674,0.44846147,161,43,0.44330075,0.44327724,46,118,0.43997413,14,0.4399314,0.4393312,158,36,0.43875217,35,0.43790758,30,0.43505216,67,0.43502408,0.4310522,83
150,0.7021954,58,0.6821507,115,0.63652694,129,0.62531865,153,0.61579084,71,74,0.61389273,54,0.6119525,103,0.6055888,52,0.60547984,0.60284907,151,29,0.60212314,0.58365333,66,101,0.58150434,179,0.57304406,0.56950724,11,102,0.5518992,134,0.54403865,138,0.54037905,93,0.536906,0.52915084,133
151,0.72431326,71,0.72189975,58,0.7157819,66,0.7144152,29,0.70539343,54,74,0.70358306,103,0.7015742,138,0.68855804,134,0.6879587,0.68018943,113,101,0.66705257,0.66628546,21,153,0.6493968,102,0.63618493,0.6339431,179,88,0.6318443,192,0.63085353,25,0.62435305,52,0.6120974,0.60692227,69
152,0.59972906,55,0.5529467,140,0.5455736,68,0.5445973,130,0.5341251,66,43,0.5254562,56,0.52504003,46,0.524561,20,0.52044964,0.52044094,22,168,0.51759505,0.51681554,118,161,0.51308554,197,0.50968945,0.50901395,50,141,0.50896287,36,0.5036988,94,0.5007088,100,0.49324542,0.48731443,92
153,0.7963971,71,0.7725849,52,0.7466171,74,0.74235594,29,0.73146737,54,134,0.7289599,58,0.7283914,103,0.6915733,101,0.6684762,0.6493968,151,179,0.6481073,0.6437138,66,113,0.6404227,102,0.6280339,0.62531865,150,129,0.6142681,138,0.6114801,69,0.5768589,0,0.565961,0.5511329,25
154,0.6525793,56,0.63586795,168,0.62834775,92,0.62508,161,0.62398565,158,14,0.61477125,120,0.6083861,155,0.6061553,118,0.5921149,0.5871068,198,27,0.5800531,0.57741404,17,36,0.5640358,16,0.56341064,0.54959124,171,31,0.5451971,35,0.5450494,140,0.5409857,141,0.5326035,0.5157665,60
155,0.8071743,56,0.75609875,118,0.7240918,158,0.7131662,27,0.69731355,161,171,0.6804208,31,0.6710384,17,0.67038417,198,0.66638124,0.6239856,168,16,0.6222213,0.6061553,154,120,0.58446884,92,0.5833661,0.5571416,36,193,0.54263926,35,0.5210359,172,0.51916385,62,0.51740444,0.51054466,14
156,0.62832975,80,0.60594344,83,0.5565756,95,0.5492041,61,0.5434123,195,181,0.53325707,75,0.51790667,137,0.51486397,79,0.5137296,0.51329666,30,76,0.5090983,0.4999494,174,59,0.49849957,133,0.49151057,0.48777193,72,166,0.4846142,139,0.47409907,39,0.4687869,104,0.46121004,0.4598906,64
157,0.5568287,88,0.50700194,66,0.5058761,124,0.49549,33,0.49222702,6,183,0.48951998,190,0.48025954,67,0.4775601,25,0.47273883,0.46046287,82,21,0.45885164,0.45677608,46,105,0.45377016,45,0.44928023,0.4485588,152,62,0.44764346,13,0.44491524,108,0.44463518,22,0.43645,0.4347528,132
158,0.7822681,56,0.76485014,17,0.72415286,27,0.7240918,155,0.7200923,171,118,0.7054068,161,0.7020018,198,0.6709144,193,0.66807437,0.6326971,31,16,0.62720513,0.62398565,154,35,0.61588466,60,0.5767831,0.57398,120,14,0.57324135,36,0.5721947,168,0.55818635,66,0.552024,0.54833186,92
159,0.73266065,100,0.67587304,169,0.6653534,122,0.62620974,186,0.6110803,9,173,0.6071602,164,0.576125,107,0.57534695,146,0.5663595,0.56393814,141,140,0.561272,0.55734426,55,23,0.5500839,8,0.5383849,0.5347931,22,50,0.5308465,10,0.5254527,67,0.5201441,185,0.51202476,0.5102384,85
160,0.7752813,10,0.70648277,67,0.66480994,8,0.6575035,13,0.6566306,122,85,0.656599,165,0.53615123,66,0.5329175,24,0.52954435,0.5231489,140,75,0.5172299,0.5141309,82,195,0.49533635,88,0.4924097,0.49006385,159,32,0.48794162,36,0.47447556,145,0.4659748,25,0.4652455,0.46341074,164
161,0.81076205,56,0.79760957,17,0.7839498,118,0.76784515,27,0.7437773,198,16,0.7371286,171,0.7171004,158,0.7020018,155,0.69731355,0.69527876,31,60,0.6890928,0.6705149,35,14,0.6614704,140,0.6410038,0.6284517,168,154,0.62508,193,0.6176629,120,0.61319554,36,0.6098998,0.60007674,92
162,0.7249702,76,0.5603627,95,0.5295521,195,0.51476,30,0.51217705,80,75,0.5037007,181,0.494467,83,0.4746384,38,0.4738605,0.47320864,131,72,0.4586588,0.45321515,104,39,0.45046234,139,0.4405256,0.4400464,53,137,0.43822896,61,0.43718424,59,0.43409634,79,0.42415237,0.41194114,96
163,0.3796948,161,0.36187384,158,0.34615156,150,0.34161097,17,0.3360669,33,11,0.33073857,56,0.32602662,16,0.32025105,37,0.3192684,0.31772298,35,6,0.31066838,0.31024736,14,88,0.3080543,118,0.30787936,0.30344063,115,60,0.30248344,69,0.30185214,155,0.30066273,65,0.2980597,0.2979365,66
164,0.6080352,186,0.6068312,107,0.58274716,100,0.57956076,9,0.576125,159,67,0.5426556,13,0.54193026,169,0.54130685,173,0.5236229,0.5103703,140,21,0.48872268,0.48736256,85,8,0.48394704,184,0.48342943,0.480899,166,122,0.47730488,10,0.46840066,191,0.4667722,32,0.46569037,0.46560794,146
165,0.64897513,32,0.6342344,67,0.6226474,13,0.582155,8,0.56689984,10,85,0.56229293,66,0.5599823,160,0.53615123,103,0.5336088,0.5313487,122,101,0.5261947,0.5154558,134,58,0.5110877,29,0.5021642,0.49054888,102,175,0.48869056,153,0.4863714,54,0.48611012,138,0.47640145,0.4738506,129
166,0.7064816,125,0.6967643,191,0.67592716,79,0.66856515,61,0.66337144,181,121,0.65611327,188,0.63499886,174,0.6165177,59,0.6148964,0.6133069,39,83,0.6102627,0.60497963,44,80,0.60050803,104,0.5819683,0.5797484,75,178,0.5786933,192,0.5750861,72,0.57080305,184,0.56959766,0.56694734,30
167,0.70310575,105,0.64252263,189,0.6193726,88,0.6046945,33,0.58610773,176,115,0.5848645,65,0.58204114,93,0.5819762,134,0.54982436,0.54942316,183,101,0.5389204,0.53575563,82,75,0.5302199,145,0.5284232,0.52469754,66,29,0.5186416,151,0.5173409,45,0.5147982,6,0.5039564,0.5013406,58
168,0.8027787,92,0.7146326,56,0.69809806,120,0.693913,31,0.6693902,118,198,0.6626613,27,0.6360239,154,0.63586795,16,0.6289855,0.6284517,161,155,0.6239856,0.61652565,28,130,0.58545506,171,0.5828612,0.5789263,197,36,0.571486,17,0.5691539,158,0.55818635,22,0.5576209,0.53030276,62
169,0.67587304,159,0.6754104,9,0.65516084,173,0.65293473,100,0.59908915,186,107,0.59235287,55,0.5744311,164,0.54130685,50,0.5233185,0.51907647,141,147,0.5092682,0.5039056,122,140,0.49592155,110,0.4711507,0.46573985,182,94,0.46537763,81,0.4602849,10,0.45894623,152,0.4561193,0.44678006,146
170,0.72568226,14,0.72320795,35,0.69727993,60,0.551602,145,0.54377455,17,161,0.54015076,81,0.52693605,75,0.5075556,41,0.50539,0.5045029,46,56,0.5039871,0.4964241,113,88,0.49461627,121,0.49331012,0.48572916,198,6,0.47929418,66,0.47498822,10,0.47068968,118,0.46187747,0.4602149,21
171,0.7580099,198,0.74408937,27,0.7416518,56,0.72995114,118,0.7217858,31,158,0.7200923,161,0.7171004,17,0.6996677,155,0.6804208,0.6381731,16,193,0.6166265,0.61570805,120,35,0.583833,168,0.5828612,0.5672538,66,60,0.5619108,92,0.5567635,154,0.54959124,14,0.5357142,0.53196454,36
172,0.6267406,56,0.60665643,35,0.58717585,27,0.5842229,198,0.5744593,161,60,0.5707263,14,0.5652538,92,0.5269748,17,0.52343345,0.52101576,158,155,0.51916385,0.5057551,168,16,0.5035565,118,0.4990539,0.49263346,31,154,0.4913067,146,0.48483872,141,0.4791672,171,0.47666988,0.4761293,193
173,0.7025908,9,0.65516084,169,0.6246811,100,0.6071602,159,0.5881618,186,50,0.5710368,147,0.5627246,68,0.5607741,107,0.55640554,0.54830956,55,141,0.54516244,0.5371109,140,182,0.5325796,94,0.53095317,0.5236229,164,146,0.5146426,122,0.51254267,22,0.49164516,67,0.48997247,0.48665142,8
174,0.6738382,79,0.65276206,72,0.63154125,125,0.6165177,166,0.6119201,181,104,0.60587585,19,0.59391797,177,0.59194064,80,0.58773565,0.58042055,121,39,0.5761708,0.56669766,83,195,0.56315863,75,0.5485988,0.5460359,91,191,0.5405966,194,0.537471,5,0.5335473,180,0.5332103,0.529358,26
175,0.5664077,45,0.54629266,88,0.5402031,105,0.5263197,190,0.50945854,115,132,0.5091243,101,0.5071585,33,0.504254,189,0.49803138,0.48869056,165,67,0.48292196,0.48219943,103,65,0.47790366,183,0.47159308,0.4663497,167,102,0.46091014,35,0.45906812,184,0.4590659,13,0.45457956,0.45110452,32
176,0.58610773,167,0.5504835,191,0.5488448,88,0.5472025,33,0.5239228,183,44,0.5139731,87,0.5064769,66,0.50348556,145,0.5019341,0.49391478,199,133,0.48740333,0.4832567,82,189,0.48125184,105,0.47910035,0.47812796,166,21,0.47361892,40,0.4734957,192,0.47089148,151,0.4693157,0.46887517,108
177,0.7781873,121,0.7282181,125,0.6435542,79,0.63865733,104,0.628001,195,75,0.6121689,39,0.6037169,174,0.59194064,95,0.5452193,0.54180735,142,83,0.533607,0.5280443,166,41,0.52644295,194,0.5263449,0.5161325,72,80,0.5128693,180,0.5086608,34,0.50465,30,0.50360405,0.4999235,191
178,0.7324846,180,0.66687423,191,0.6498066,116,0.6488584,44,0.634754,184,128,0.6245264,117,0.6066731,63,0.6000688,133,0.59187806,0.5786933,166,192,0.5626873,0.55813336,143,90,0.5574699,199,0.5523052,0.54517674,125,145,0.5439446,72,0.5309588,187,0.5283244,39,0.5115553,0.50915104,79
179,0.7243867,74,0.6944696,29,0.6805414,54,0.66863096,58,0.6607244,134,103,0.6581211,66,0.65254533,113,0.6483098,153,0.6481073,0.6339431,151,71,0.6166692,0.6120697,101,102,0.60224915,52,0.58945835,0.5794249,129,148,0.5769027,0,0.5748646,69,0.5732717,150,0.57304406,0.5724311,138
180,0.7396776,191,0.7392775,128,0.7324846,178,0.7032511,145,0.6946326,117,133,0.6828071,63,0.67906296,192,0.67403257,44,0.6677201,0.6569822,90,116,0.6542585,0.6450543,184,199,0.62593675,82,0.62001395,0.5982575,79,72,0.58981836,75,0.5877948,119,0.578247,195,0.57812583,0.5772264,37
181,0.67848855,83,0.6654239,95,0.66337144,166,0.65978456,191,0.638685,59,195,0.63860774,80,0.6360532,30,0.61924314,72,0.6122124,0.6119201,174,79,0.61162907,0.59663975,61,75,0.59508336,39,0.58294463,0.5766827,76,139,0.57486284,199,0.5723905,38,0.56616056,44,0.5567807,0.5491971,131
182,0.9418123,147,0.93466413,50,0.81717455,94,0.8120075,68,0.7228451,140,22,0.6714896,141,0.65185875,23,0.63732797,146,0.5901498,0.5699936,185,15,0.5538853,0.5325796,173,55,0.5153907,192,0.50442404,0.49505943,56,118,0.48195553,100,0.47278416,159,0.46931577,92,0.4686748,0.46836108,130
183,0.6932154,88,0.6236582,33,0.59711087,108,0.58486086,115,0.58243835,105,65,0.5778614,84,0.5661354,6,0.5630256,45,0.5568732,0.54942316,167,132,0.5454365,0.5413327,87,176,0.5239228,66,0.52297544,0.51568294,190,93,0.51174366,52,0.51087326,189,0.50987744,40,0.5093421,0.4994327,82
184,0.7032859,63,0.6921699,191,0.6450543,180,0.634754,178,0.6336917,117,44,0.6308755,116,0.624271,128,0.5963394,145,0.59086037,0.5781876,90,166,0.56959766,0.55436003,192,133,0.54700446,82,0.540915,0.5370304,199,91,0.53353333,79,0.5231292,125,0.5149284,34,0.5044977,0.50017154,89
185,0.78096455,22,0.7759377,23,0.6442946,68,0.61527365,146,0.5740008,50,147,0.57190114,182,0.5699936,140,0.5673126,94,0.5483384,0.547227,31,56,0.5453207,0.5357697,120,118,0.51874095,15,0.51744735,0.5158659,16,159,0.51202476,171,0.5104196,168,0.5041178,100,0.4928572,0.47875205,28
186,0.7105237,9,0.6979679,107,0.6296525,100,0.62620974,159,0.6080352,164,169,0.59908915,173,0.5881618,141,0.5483675,140,0.5008458,0.49576718,146,122,0.48821148,0.46663716,8,10,0.46417052,67,0.44574943,0.44570294,15,55,0.4456237,94,0.43935123,85,0.43578258,110,0.4280579,0.4257573,160
187,0.6071836,4,0.59445304,91,0.5942301,5,0.580506,89,0.5800128,106,26,0.57550734,96,0.57514274,194,0.5664382,64,0.55637586,0.5536015,59,191,0.5519583,0.54831624,97,57,0.54618573,75,0.54303753,0.5328623,83,180,0.53048944,143,0.52995515,178,0.5283244,111,0.521029,0.51770735,195
188,0.63499886,166,0.6040708,125,0.56422484,79,0.54986084,104,0.5447141,39,121,0.54320693,191,0.5380844,21,0.49987692,103,0.49089175,0.48138365,72,91,0.47918025,0.4785694,184,178,0.47769505,177,0.47397518,0.47273147,75,46,0.45682877,83,0.4528494,180,0.4503801,192,0.44708234,0.4461394,109
189,0.68318295,45,0.65310526,105,0.64252263,167,0.62059355,33,0.5921315,65,88,0.5754939,87,0.5363262,115,0.52996194,132,0.5298581,0.52127934,190,183,0.50987744,0.5049871,74,175,0.49803138,97,0.48970193,0.48386413,93,176,0.48125184,63,0.47518003,110,0.47070193,101,0.47064406,0.47032315,69
190,0.6094948,33,0.56867296,132,0.56801534,45,0.55153215,88,0.535754,65,105,0.53060484,175,0.5263197,6,0.52350146,189,0.52127934,0.51568294,183,115,0.5151603,0.48817024,66,54,0.48331517,157,0.48025954,0.47046098,102,4,0.462032,108,0.4531542,167,0.45239997,113,0.44673252,0.44531512,151
191,0.7740513,44,0.7552048,192,0.7533343,128,0.74220425,199,0.7396776,180,145,0.72959435,90,0.72187287,117,0.71055186,133,0.7085766,0.70262945,116,166,0.6967643,0.6921699,184,178,0.66687423,181,0.65978456,0.65892565,63,79,0.62841165,119,0.6191248,125,0.6075557,82,0.6069098,0.58667934,39
192,0.75520474,191,0.7260877,145,0.68748164,128,0.67403257,180,0.6718271,90,117,0.65881073,199,0.64301586,44,0.63092047,151,0.6308535,0.62863106,63,133,0.61567426,0.58604676,82,116,0.58544314,166,0.57508624,0.5671926,68,94,0.56582654,119,0.5649356,41,0.56481075,178,0.5626873,0.55436003,184
193,0.68767893,17,0.66807437,158,0.66685647,27,0.64674795,56,0.6176629,161,171,0.61662644,31,0.6047479,198,0.59480226,118,0.5724888,0.5580015,16,155,0.54263926,0.53686905,60,92,0.5341849,35,0.5219529,0.51433086,168,130,0.5136368,154,0.50858927,55,0.49520546,126,0.4916662,0.48132375,120
194,0.7461077,5,0.7352636,91,0.72173595,4,0.7098785,26,0.6556181,106,96,0.63865376,97,0.6056341,19,0.5933925,187,0.5664382,0.54671407,114,174,0.53747094,0.53311515,89,42,0.5306458,177,0.5263449,0.5221776,111,195,0.52196515,6,0.50778687,64,0.5005026,180,0.49826267,0.49101186,79
195,0.76895475,75,0.7315917,83,0.7202747,80,0.706113,76,0.7045959,95,79,0.7044685,30,0.6852296,39,0.67020726,72,0.64807117,0.63860774,181,104,0.633299,0.63197124,59,53,0.6318525,177,0.628001,0.6266178,121,125,0.61976427,145,0.6137663,61,0.6025747,57,0.5882411,0.5840235,82
196,0.37267196,6,0.32643777,77,0.3106769,49,0.3061818,188,0.29680717,70,108,0.29362655,72,0.28949893,150,0.2850492,26,0.28389597,0.28340992,5,123,0.28052443,0.27984717,48,3,0.27434573,39,0.27215642,0.26586595,102,128,0.26355517,136,0.260385,115,0.25700116,69,0.25631294,0.25515193,180
197,0.8442408,130,0.81734514,36,0.78786594,144,0.73618,78,0.7183776,135,62,0.68189156,46,0.6709501,43,0.65363765,55,0.61720085,0.6071749,92,56,0.5978006,0.58033967,198,168,0.5789263,161,0.5609293,0.54833305,118,27,0.5386497,68,0.51924014,146,0.5126555,120,0.5110314,0.50968945,152
198,0.8178706,56,0.7653842,27,0.7580099,171,0.7546618,118,0.74377733,161,17,0.6991323,158,0.67091435,155,0.66638124,168,0.6626613,0.6496848,92,31,0.6449337,0.64224386,16,35,0.5987214,60,0.59733725,0.59571755,14,193,0.59480226,130,0.5946033,154,0.5871068,172,0.5842229,0.58033967,197
199,0.7422043,191,0.6843809,128,0.6559973,119,0.6497221,90,0.64301586,192,117,0.6319324,180,0.62593675,145,0.62293553,44,0.612286,0.6057538,133,181,0.5723905,0.5691887,116,37,0.569121,178,0.55230516,0.545276,166,184,0.53703034,61,0.531259,95,0.52124137,82,0.50860703,0.49391475,176
