,0,1,2,3,4,5,6,7,8,9,10,11,12,13,14,15,16,17,18,19,20,21,22,23,24,25,26,27,28,29,30,31,32,33,34,35,36,37,38,39,40,41,42,43,44,45,46,47,48,49,50,51,52,53,54,55,56,57,58,59,60,61,62,63,64,65,66,67,68,69,70,71,72,73,74,75,76,77,78,79,80,81,82,83,84,85,86,87,88,89,90,91,92,93,94,95,96,97,98,99
0,0.4048928,0.08926551,0.321519,0.13650854,0.12745658,0.103781775,0.19980624,0.13060607,0.12946364,0.06308353,0.16896906,0.24438286,0.38341087,0.049037896,0.24399076,0.29267874,0.14519823,0.33900505,0.22119993,0.10729514,0.07404647,0.36442572,0.3623199,0.35546464,0.09938507,0.2896778,0.2193343,0.18982776,0.23123896,0.09190868,0.15757713,0.36095408,0.062267736,0.4165436,0.07914278,0.20920402,0.40431887,0.22084533,0.1424926,0.3677883,0.39096618,0.3771224,0.19658428,0.18277764,0.32874417,0.21804115,0.06878759,0.055089843,0.32748988,0.27540416,0.028908292,0.2579455,0.30452216,0.2184895,0.20046651,0.17336127,0.37366372,0.22691894,0.04830078,0.081419975,0.17909992,0.09485386,0.42685974,0.22192383,0.1323696,0.2284194,0.12022123,0.100157306,0.10609495,0.12693277,0.13239256,0.091568425,0.2791195,0.21089199,0.38206583,0.08988547,0.3930741,0.29669946,0.0729605,0.34074563,0.22703359,0.39581037,0.48384982,0.23063406,0.41035497,0.34133518,0.20855135,0.14057124,0.26887,0.22202057,0.41291523,0.154793,0.2011939,0.0501482,0.028908292,0.103393584,0.33500394,0.24928217,0.2173892,0.12563637
1,0.13610929,0.09273051,0.21960354,0.04533948,0.05548997,0.079268,0.038713187,0.09268932,0.047269806,0.0298823,-8.276105e-05,0.342943,0.32195842,0.024917608,0.13837053,0.21117139,0.029471342,0.19998404,0.1866399,0.06840212,0.021504587,0.18563303,0.26463777,0.3169148,0.045120817,0.049847238,0.08221959,0.12149839,0.058742,0.027163591,0.07781798,0.37352315,0.012704989,0.3316148,0.03490608,0.10812274,0.33782434,0.12644008,0.04539663,0.30578443,0.14007314,0.08046131,0.26319173,0.08402533,0.19153967,0.07665355,-0.01539397,0.03955143,0.15391171,0.29079568,0.026043909,0.12460813,0.12630707,0.10312413,0.11239633,0.1214913,0.18763626,0.15528402,0.03439758,0.031302437,0.08598123,0.038263835,0.22356485,0.12600963,0.08929508,0.15165445,0.056873016,0.027273294,0.09508643,0.043120507,-0.03166848,0.03375158,0.1332606,0.13115597,0.30052918,0.019235777,0.26916236,0.09795365,0.1147687,0.16084325,0.15400103,0.121431954,0.23943332,0.08029018,0.23801108,0.22702459,0.40364188,0.018126272,0.17921388,0.11059137,0.18250144,0.069554344,0.09005819,0.02325874,0.026043909,-0.0005231332,0.32672065,0.0957547,0.11964956,-0.07370587
2,0.28899935,0.07069167,0.36042282,0.07604209,0.1509214,0.1349871,0.11522525,0.09793909,0.09610842,0.053986967,0.112189904,0.15876946,0.34661704,0.047093153,0.22747906,0.2659957,0.08675453,0.35590124,0.11765672,0.1126643,0.082279675,0.25629175,0.25015298,0.2774819,0.34836847,0.15522239,0.108160764,0.19586557,0.1691353,0.06367152,0.084564336,0.15595809,0.09397403,0.2965106,0.11732195,0.20120297,0.3569358,0.13635708,0.115906104,0.22760844,0.23089063,0.24055865,0.14336494,0.16067454,0.31780297,0.14360152,0.06624056,0.04458742,0.3172203,0.30236447,0.1000139,0.17429766,0.16161713,0.2540154,0.24754979,0.13007069,0.24685168,0.19889286,0.12421234,0.09705282,0.15101805,0.07076666,0.18611056,0.31678012,0.11579354,0.15926777,0.07818943,0.06244778,0.10690351,0.09939949,0.050309964,0.096021324,0.14409874,0.13647515,0.23484781,0.15265289,0.3360455,0.12767246,0.11464483,0.24261382,0.12404025,0.29768085,0.32761618,0.15300593,0.30828613,0.28175187,0.3210687,0.02328663,0.15853047,0.28625125,0.3079864,0.1209313,0.16655299,0.100135535,0.1000139,0.068759196,0.36265904,0.16175678,0.0790051,0.27285612
3,0.11321213,0.041555002,0.23875102,0.16454819,0.0047428813,0.037595857,-0.015668618,0.042803425,0.08276083,0.026083596,-0.018688183,0.2624644,0.13699172,0.027813487,0.0439948,0.20136012,-0.06919882,0.22895136,0.14773354,0.011833338,0.007668492,0.12411287,0.14877929,0.17425095,0.016435612,0.0175418,0.14199625,0.086603776,-0.010907464,0.0109705925,0.020759095,0.27215645,-0.013330099,0.12610975,0.006803822,-0.004769098,0.23340334,0.05972265,0.11421692,0.25620764,0.033766482,0.041156422,0.16045567,-0.011674283,0.19527142,0.0070358105,-0.0042875195,0.024484806,0.23133901,0.25707883,-0.03763568,0.051131748,0.085303,0.1627537,0.22569281,-0.020458253,0.1233578,0.15284275,0.028155053,0.04286281,-0.040219873,-0.0022064876,0.13536023,0.19037144,0.012491757,0.1315406,-0.01932433,0.0040741325,0.02658664,-0.019341968,-0.0028084284,0.00049241306,0.06172354,0.19073519,0.2586397,0.013168218,0.29629642,0.023814783,0.14980778,0.11853596,0.07597074,0.16725492,0.23234865,0.034888078,0.070916,0.17244647,0.25093898,0.0019194549,0.079310894,0.25318286,0.13295847,0.033688627,0.0027131587,0.04899736,-0.03763568,-0.00081111444,0.19282323,0.054438088,0.023801746,0.010943837
4,0.13048768,0.10323721,0.27327833,0.12642507,0.13809438,0.13124582,0.122895434,0.15609781,0.13245699,0.09675958,0.12491775,0.30824322,0.3118153,0.057531692,0.17317444,0.3579574,0.115496196,0.30521464,0.20799285,0.15104556,0.05441617,0.16751884,0.24011222,0.2425322,0.19919938,0.16977894,0.21879035,0.19485974,0.1266175,0.07399918,0.12700059,0.2501747,0.095750585,0.32140785,0.1319636,0.16959763,0.25274658,0.18637356,0.13600972,0.25333396,0.25935143,0.18703392,0.19286616,0.12945598,0.24041641,0.13172695,0.07351522,0.11035867,0.21982588,0.2837776,0.07484297,0.1923809,0.19057149,0.23158845,0.29735175,0.14577386,0.27624166,0.25614437,0.102984935,0.11536217,0.14932433,0.0656565,0.28644523,0.23660001,0.13164046,0.14638251,0.08920623,0.09836999,0.116708584,0.104762815,0.100743435,0.06915318,0.18650393,0.21346167,0.18617883,0.111159444,0.32677266,0.043229576,0.2916802,0.18889791,0.11416203,0.29107788,0.30536386,0.14340739,0.35687873,0.2828995,0.15278833,0.075493544,0.23687795,0.209772,0.2656423,0.108096376,0.13928463,0.065910354,0.07484297,0.103348926,0.43177313,0.20574066,0.18768363,0.15689188
5,0.20071761,0.073117085,0.2408208,0.03330317,0.044094466,0.0757637,0.114291325,0.14243275,0.053624287,0.068251684,0.040237334,0.20705153,0.31233114,-0.008380735,0.16433555,0.15479165,0.085895136,0.19576156,0.16997391,0.08347684,0.04471182,0.19421604,0.22970465,0.22674757,0.14100128,0.117485136,0.106065966,0.1036132,0.07344262,0.04204962,0.15146111,0.22950009,0.03830209,0.32562315,0.006388468,0.14705752,0.2545712,0.107289575,0.07957536,0.21772468,0.21617536,0.13260603,0.11780466,0.09281319,0.2116696,0.12785244,0.020551862,0.045117766,0.07850036,0.15265201,0.040353715,0.16100508,0.121090405,0.14760908,0.020912167,0.10387554,0.2044374,0.1461849,0.030696377,0.031914253,0.11880513,-0.011328394,0.16643883,0.16196184,0.13636579,0.08779214,0.075999856,0.057089143,0.07973808,0.063556306,0.029656032,0.0067663165,0.16498584,0.1293309,0.13639165,0.073599644,0.27293062,0.0914862,0.096584916,0.113502726,0.10711789,0.18635693,0.20605788,0.13272837,0.22331554,0.21979734,0.22750252,0.092967734,0.17817444,0.21365541,0.21485558,0.025736196,0.15133132,0.11852589,0.040353715,0.081963286,0.34091896,0.1877467,0.21780337,0.17819342
6,0.098837435,-0.07811093,0.33246103,-0.14163488,0.037742708,-0.032601893,0.072810024,-0.09271686,-0.04334551,-0.05103797,0.0160207,0.09505236,0.37877855,-0.11244315,0.28260863,0.17283827,0.08664041,0.1486265,0.038058475,0.01243582,-0.053574413,0.17825322,0.28663588,0.22894187,0.10233638,0.052492958,0.011333765,-0.0152461585,0.107213646,-0.018063612,0.08314871,0.19346946,-0.06312554,0.28640413,0.0028647538,0.27325398,0.12353605,0.045261268,-0.04423479,0.057269435,0.44353747,0.1723173,0.04451166,0.050577387,0.15300475,0.020437028,-0.11560954,-0.05821446,0.10307434,-0.014259061,0.020505795,0.17598271,0.0014966503,0.07087262,0.10705293,0.22716656,0.089382835,0.09437202,-0.0038204342,-0.101328425,0.2325995,-0.104759395,0.20361325,0.13646218,0.03449936,7.204153e-05,-0.055742595,-0.015345544,-0.020266421,-0.013515644,-0.10920892,-0.007923134,-0.017965013,0.011577075,0.039725903,-0.015575536,0.33955973,0.03296431,0.15352865,-0.004218582,0.0037465096,0.11325745,0.24010754,0.10822673,0.21184635,0.08836101,0.12978731,-0.08535191,0.09491418,0.021789117,0.24693547,-0.024623178,0.19342723,-0.012461103,0.020505795,-0.060937997,0.3403663,0.103055954,-0.022311732,0.20778313
7,0.031051287,0.046602316,0.2832923,-0.041274127,-0.019373275,0.037348986,-0.026196517,0.18226518,-0.03699784,-0.022261545,-0.009407863,0.34827548,0.16641065,-0.02988133,0.062014505,0.21782452,-0.02431998,0.2323604,0.24029121,0.022744074,-0.02818237,0.13497622,0.13164781,0.18850821,0.13225536,-0.023328546,0.056332216,0.097067535,0.09230971,-0.04125718,0.011343738,0.24093458,0.012697271,0.22771211,-0.009604327,0.046289653,0.20452553,0.086522296,-0.018089615,0.1655976,0.13324435,0.056873217,0.11716317,0.05591751,0.082288936,0.01459343,-0.041059706,0.025244964,0.14957851,0.29746294,-0.025460087,0.05735016,0.09354652,0.12833226,0.094548196,0.020146873,0.10389753,0.14705668,0.054903157,0.04524757,0.008466773,0.009884182,0.14750361,0.107983865,0.04220841,0.046471737,-0.00061891973,-0.0058456287,0.00023972231,0.012698021,-0.03193239,0.0057738833,0.13180684,0.16546002,0.10925722,0.06771187,0.16474597,0.055289764,0.18115523,0.06279493,0.077046886,0.07909063,0.14379513,0.05511875,0.27784577,0.19273669,0.2553346,0.057656355,0.077214934,0.1872803,0.06744056,0.016812185,0.026888832,0.045875087,-0.025460087,-0.0050381357,0.2757728,0.09675393,0.15078321,0.122780144
8,0.33082783,0.037963524,0.22385868,0.09603025,0.10319773,0.067213476,0.09773724,0.044281483,0.16854104,0.073336765,0.11479371,0.11628565,0.21758685,0.07626128,0.17872196,0.06420725,0.07594005,0.10767651,0.096328996,0.09744999,0.092541635,0.18372259,0.17188413,0.12646216,0.16343674,0.18534674,0.12443587,0.1068486,-0.014556512,0.09851347,0.13551924,0.26384342,0.06366548,0.16473873,0.09565914,0.16276136,0.20394692,0.06949869,0.19299486,0.17102462,0.11805935,0.23788607,0.08135916,0.050238244,0.41392955,0.1106999,0.07261029,0.039863445,0.14428695,0.045017492,0.088766366,0.14042628,0.085110426,0.12255565,0.15394296,0.12406257,0.17634957,0.13181025,0.071231306,0.061919104,0.13415313,-0.0036593247,0.13815565,0.20151915,0.057619307,0.08340934,0.069878384,0.10478013,0.03583572,0.07560317,0.103982605,0.07787126,0.088807724,0.120784536,0.277658,0.08708188,0.24466765,0.16964653,0.014420137,0.12330221,0.052924685,0.19765213,0.22021785,0.13075908,0.13984829,0.13370845,0.13653682,0.04922639,0.11555933,0.13626778,0.32974946,0.075662844,0.13167298,0.046921592,0.088766366,0.07054219,0.14641544,0.11075342,0.1500729,0.07775528
9,0.24420498,0.11582058,0.25195345,0.12700605,0.084664635,0.1291531,0.051420312,0.11216727,0.17901722,0.1569559,0.09857623,0.28284717,0.29984045,0.097834475,0.12940116,0.34142077,0.05698259,0.46081188,0.20147638,0.116348535,0.07838087,0.18755674,0.23904666,0.27815306,0.09776752,0.118046455,0.18933487,0.19303784,0.14093453,0.09522979,0.10144732,0.23945308,0.074864164,0.2681501,0.113445535,0.1085762,0.3539065,0.123918064,0.20706971,0.36113328,0.090765975,0.22260897,0.2430844,0.123299666,0.35214132,0.10125161,0.044591796,0.080788955,0.4075192,0.36040944,0.057070475,0.15263505,0.1761308,0.331447,0.31889653,0.09350841,0.25483546,0.26767308,0.10657921,0.08676418,0.076430075,0.09393867,0.2536597,0.36647555,0.08909308,0.25921756,0.06720719,0.102323964,0.14054179,0.09823954,0.0024265845,0.06456458,0.15349895,0.23149937,0.3718698,0.096653976,0.38674167,0.1188675,0.1649355,0.22815923,0.16077536,0.31680977,0.46602738,0.09156464,0.27877876,0.3349844,0.39375645,0.049627088,0.2332507,0.2409021,0.3684738,0.105496265,0.09944191,0.14152034,0.057070475,0.0653072,0.37298965,0.16365919,0.13635759,0.06728036
10,0.20782238,0.06199517,0.38486648,0.00035768375,0.14551176,0.09840724,0.12252617,0.020566456,0.09770361,0.045949854,0.14499807,0.15876089,0.3943352,0.020690389,0.26632345,0.28657565,0.10134181,0.3235533,0.2212862,0.10887302,0.04878797,0.26789856,0.2860955,0.30520487,0.3266807,0.08343854,0.16913557,0.18882242,0.06558555,0.09736846,0.10129376,0.2981149,0.11682674,0.33033228,0.15745439,0.2432845,0.30353707,0.16301638,0.1087269,0.18270645,0.35081118,0.24040791,0.09667352,0.14106806,0.3217319,0.09810975,0.025337314,0.029708073,0.22239318,0.16295451,0.11332695,0.1974592,0.13396263,0.255383,0.26373082,0.20959035,0.21553305,0.22756955,0.15306845,0.048269138,0.19596511,-0.0040892623,0.2951782,0.35965696,0.14200737,0.08836049,0.03046838,0.056114033,0.11739285,0.11417599,0.029959537,0.13475883,0.12032038,0.18581095,0.2380138,0.14250109,0.33449483,0.098676704,0.14673758,0.1739065,0.07207276,0.2675889,0.41912407,0.15295258,0.37996596,0.2954977,0.19881271,-0.016194735,0.16746527,0.20271796,0.3579039,0.10135469,0.19370362,0.14714752,0.11332695,0.015296169,0.4261308,0.15208218,0.07332011,0.2717495
11,0.09212884,0.09037886,0.20787692,0.016429756,0.10790258,0.105447836,0.11098376,0.09919248,0.09548443,0.09733184,0.028587183,0.39393598,0.21931118,0.099640355,0.18379381,0.32020319,0.08893341,0.08239344,0.09927775,0.12566517,0.070782825,0.060362875,0.17445615,0.16687223,0.0078116395,0.09021624,0.08023924,0.1531462,0.057194293,0.09035546,0.12511513,0.14407864,0.08829529,0.20028734,0.03446507,0.13684079,0.08959413,0.16279307,0.09342594,0.14691645,-0.017848551,-0.048337143,0.17682607,0.12806611,0.06500225,0.12961999,0.044767335,0.044352572,-0.0009458214,0.14685199,0.07149925,0.19523412,0.11150168,0.06128197,0.099949025,0.09529951,0.17084529,0.13253313,0.111554354,0.10981274,0.10533258,0.058534246,0.09617478,0.035411354,0.10560924,0.09409375,0.07790617,0.11729804,0.11713163,0.069199145,0.05365269,0.08320981,0.18955448,0.0961507,0.03253195,0.106897786,0.25325105,0.0717804,0.036328845,0.08750493,0.14730248,0.13685656,0.07140185,0.16913423,0.18635881,0.18491186,0.20291498,0.06874631,0.16984934,0.147714,0.14916353,0.101988256,0.14279649,0.014983555,0.07149925,0.1086203,0.3071642,0.1513462,0.07091782,0.09432418
12,0.32951903,0.22470516,0.5160658,0.16747,0.3178417,0.3233636,0.49832588,0.24755898,0.24609461,0.2503427,0.33748806,0.33804685,0.8025858,0.17979674,0.5000473,0.45001495,0.393197,0.4322461,0.19098431,0.3143525,0.29825252,0.5566144,0.64851344,0.6522362,0.3015225,0.40541506,0.3662149,0.37197724,0.24449293,0.2712167,0.368871,0.4914262,0.23643202,0.6599413,0.23986587,0.45127997,0.44767183,0.41104275,0.24292168,0.49336803,0.4333859,0.4023368,0.33999074,0.38980687,0.34972197,0.41300628,0.24687861,0.23081692,0.32370955,0.39707452,0.24607623,0.44814938,0.41780496,0.41176665,0.30659872,0.39690095,0.57502997,0.4589166,0.25751778,0.25042045,0.407938,0.27950984,0.5008928,0.3255806,0.37764525,0.42579776,0.33368486,0.28390008,0.30885708,0.31709623,0.19660947,0.28199285,0.43316436,0.3976632,0.39111286,0.28619087,0.6407968,0.3693651,0.16935307,0.43179607,0.38236058,0.69889295,0.60254633,0.4283883,0.5769898,0.5051019,0.39928067,0.23458123,0.51057714,0.34555852,0.558337,0.34069848,0.459145,0.11706747,0.24607623,0.26729172,0.59405255,0.46960658,0.392541,0.36941433
13,0.21318188,0.15127178,0.2906109,0.1710478,0.06836294,0.13821872,0.0536825,0.17564861,0.15750526,0.104509085,0.106789336,0.36231858,0.28392714,0.111882344,0.09538417,0.47679722,0.01611934,0.4286205,0.23221043,0.096053265,0.051172223,0.28316242,0.21212791,0.24629256,0.10084466,0.15037522,0.18859519,0.20888954,0.1858198,0.032572888,0.0981279,0.24815345,0.08452386,0.28371662,0.085841075,0.07116811,0.40548706,0.14162536,0.19214904,0.4317719,0.15850455,0.16233446,0.36337668,0.11442594,0.45814437,0.12864581,0.039929662,0.053634025,0.3929708,0.42418408,0.025832744,0.11764425,0.19974005,0.37855688,0.3825401,0.039099537,0.24015851,0.31143275,0.09673576,0.13667959,0.04095646,0.100556076,0.26979142,0.4243303,0.11539302,0.25018218,0.0507615,0.107035615,0.13552958,0.09842009,0.043911174,0.034671467,0.1944493,0.31442523,0.3940376,0.113342166,0.36888254,0.23877332,0.12575793,0.2699691,0.19703218,0.27555943,0.3749037,0.11175695,0.23277867,0.3258676,0.34116706,0.13276312,0.25973007,0.42947242,0.34251636,0.10628633,0.07860227,0.07610667,0.025832744,0.08078491,0.4026296,0.2170364,0.19592893,0.122619495
14,0.08916985,0.03535331,0.22841115,0.048148535,0.060500845,0.06255234,0.0927961,0.031699248,0.051935297,0.07504721,0.013738334,0.15661326,0.32290867,0.024048649,0.2342324,0.09332031,0.11891335,0.09936618,-0.016218921,0.08825123,0.090628445,0.23906592,0.23074941,0.21626443,0.12777714,0.105460465,0.09186727,0.07155191,0.00053452095,0.08463327,0.082205236,0.20748,0.023058215,0.24291682,0.063075654,0.20988402,0.221814,0.11260222,0.09323998,0.11496435,0.20784459,0.07521127,0.16702355,0.13504344,0.22282226,0.101617604,0.012629107,0.06226345,0.066285186,0.024155779,0.06597592,0.16219446,0.053575054,0.046776343,0.08395836,0.16753317,0.14797583,0.15666103,0.070665404,0.011338971,0.17351678,0.022048142,0.17569777,0.17408562,0.07091995,0.08149526,0.042780876,0.05048363,0.11454382,0.06624037,0.02159661,0.053506717,0.09613064,0.100557,0.119607106,0.06231819,0.22609025,0.115894645,0.2028,0.07827003,0.058613617,0.16236116,0.2361226,0.10732284,0.12650195,0.087201595,0.10072269,0.10440883,0.0956734,0.11607227,0.2172788,0.08323756,0.21356934,0.06047926,0.06597592,-0.005237746,0.2487283,0.18064994,0.05081745,0.19942862
15,0.26896298,0.16266473,0.4142807,0.21404344,0.20045611,0.22459543,0.21915469,0.14554134,0.24281713,0.20803425,0.17840035,0.3353273,0.459552,0.1304218,0.33655447,0.39134446,0.22388828,0.35100847,0.116666764,0.19758078,0.17321986,0.40171373,0.41690117,0.44651437,0.18471944,0.28417408,0.2976255,0.21430922,0.30058914,0.17484257,0.30039048,0.3798514,0.16803133,0.48913306,0.17269532,0.30661416,0.4920329,0.25015014,0.2537828,0.4249882,0.41267514,0.2682764,0.31613016,0.27364373,0.4417447,0.25375167,0.12987044,0.18182656,0.29902178,0.31384137,0.17740276,0.3294712,0.2504567,0.32898757,0.36778325,0.29016143,0.31605473,0.38748986,0.1944243,0.17384356,0.2611333,0.21346696,0.41190585,0.43649897,0.28570032,0.30208215,0.17938064,0.22924149,0.25521064,0.21162808,0.116380185,0.16439673,0.25680268,0.34412664,0.27863073,0.21438247,0.5368154,0.2240496,0.2517079,0.34056017,0.34976733,0.32026166,0.40970337,0.2700604,0.35634565,0.36811522,0.24998242,0.19009057,0.35275465,0.38284197,0.42548394,0.22251636,0.3309703,0.11258732,0.17740276,0.12731382,0.45882788,0.35200572,0.21805839,0.22403723
16,0.1566527,0.0540144,0.3560466,0.02446615,0.014063761,0.00994997,0.13626048,0.04372213,0.03906986,-0.029305067,0.06361975,0.282016,0.3147511,-0.057452753,0.14169055,0.40575907,0.131105,0.3870117,0.41053453,0.029546253,0.012941784,0.20325205,0.29568157,0.308778,0.22780696,0.090726614,0.20005585,0.15311429,0.29647592,0.034451764,0.033273377,0.35180444,0.009193952,0.281694,-0.0028461786,0.1605464,0.3724224,0.15031022,0.050864033,0.32206887,0.12775768,0.54162323,0.03369701,0.10083312,0.21881515,0.10278002,-0.024640257,-0.01598445,0.37322265,0.280796,-0.03552953,0.116569646,0.18653539,0.25579405,0.06765145,0.1750047,0.2833172,0.16223568,0.018330527,0.013478401,0.1609757,0.06372197,0.45155877,0.29440343,0.096600674,0.15555984,0.041558813,0.017621476,0.10470243,0.08642618,-0.039765295,0.06904389,0.15575853,0.13241145,0.43804485,0.07868628,0.23805177,0.16417532,0.13505362,0.17144826,0.13164714,0.46030468,0.45989567,0.08400789,0.3524224,0.24091187,0.2120021,-0.0034163292,0.26232255,0.17032027,0.34260952,0.073841915,0.09436592,0.016549084,-0.03552953,0.022247298,0.240183,0.13113764,0.124619864,0.23852143
17,0.31499204,0.1446645,0.39014935,0.11932756,0.0489548,0.09707734,0.028295085,0.14307252,0.087792456,0.050633907,0.09737195,0.35612583,0.34019554,0.046400335,0.15608308,0.4188851,0.005027487,0.496651,0.29339606,0.057095744,0.049940433,0.30210054,0.3204474,0.38264686,0.18487772,0.09273738,0.1625095,0.14272064,0.22277868,0.025517808,0.07095548,0.32259244,0.08653094,0.37550026,0.0753,0.12706183,0.47688633,0.09869467,0.11284916,0.4105391,0.21034552,0.23027575,0.29552597,0.12634727,0.35373628,0.0776841,0.011231917,0.07320304,0.47895405,0.50226104,0.032662775,0.11956153,0.18419345,0.4368056,0.37674546,0.11635047,0.20986938,0.3481962,0.1150396,0.1074553,0.08561565,0.077706054,0.34530392,0.39340407,0.12617418,0.2248943,0.026146097,0.08642675,0.1013798,0.08763079,-0.0015892568,0.050132778,0.13123533,0.28260854,0.4298408,0.123727374,0.40605026,0.18462433,0.21265331,0.22312617,0.17938578,0.33498514,0.42957747,0.08182213,0.24518612,0.38410613,0.44084188,0.060359456,0.25735652,0.4799515,0.26908812,0.08724393,0.08404476,0.1914553,0.032662775,0.023336837,0.4272089,0.19257891,0.16917463,0.17310657
18,0.29066467,0.100745715,0.37818235,0.06017708,0.09289093,0.115981475,0.097764075,0.12910254,0.07376099,0.038588874,0.16054639,0.24000874,0.31265512,0.032874823,0.22167104,0.28714773,0.10327309,0.2464292,0.2824917,0.11466938,0.06709832,0.22480997,0.26081353,0.2887594,0.3150096,0.13538066,0.13941553,0.14393567,0.23173174,0.04711883,0.097026885,0.17308596,0.11183317,0.4021796,0.10006745,0.20880342,0.289259,0.14176422,0.06680559,0.25497183,0.31017146,0.28892484,0.21880259,0.15678129,0.272225,0.13615242,0.044971578,0.08980624,0.37072057,0.30407593,0.05264358,0.15225194,0.2526396,0.29878908,0.27942884,0.20291041,0.14711335,0.3181274,0.123176254,0.14753142,0.18311813,0.09664569,0.31900707,0.28475717,0.20518647,0.19687173,0.0876421,0.10872388,0.069919035,0.118609145,0.082839936,0.10326932,0.1616032,0.26689616,0.2534498,0.18439671,0.3538442,0.12883589,0.17762905,0.17300521,0.17150371,0.29706544,0.3617308,0.1673728,0.2914856,0.2594377,0.2612673,0.09809336,0.2233934,0.33372918,0.19909213,0.13378032,0.1420225,0.11520974,0.05264358,0.13096678,0.30553278,0.19986805,0.17617367,0.33656484
19,0.011982287,-0.08490215,0.13090141,-0.11559358,-0.05847263,-0.052336365,-0.009884752,-0.08853051,-0.07114574,-0.07339243,-0.08179469,0.28111386,0.14369893,-0.10375321,0.067487486,0.11145829,-0.02424402,0.097548686,0.029177058,0.0071645416,-0.08320593,0.071863964,0.12748718,0.15299338,0.013182943,0.0183471,0.009019082,-0.060299106,0.046974253,-0.07322379,0.11776476,0.1276665,-0.123181224,0.15330888,-0.10778329,0.06615423,0.061012134,0.030484542,-0.06822638,0.090465814,0.1260697,0.02641775,0.03707236,-0.05253292,0.0804354,-0.015858216,-0.13354973,-0.10301011,-0.011590693,0.10445169,-0.076652065,0.10747488,-0.016932527,-0.042215794,0.010039264,0.044888027,0.015299369,0.037248418,-0.06854211,-0.085488416,0.04363422,-0.07120382,0.06939394,-0.0032276579,0.05339371,-0.027507508,-0.061102033,-0.050502405,-0.071292534,-0.093847476,-0.13494553,-0.06810121,0.04098648,0.05890874,0.026233938,-0.073396675,0.19162884,-0.022248596,0.13673572,-0.054537077,0.058131922,-0.03503768,0.039209448,0.04903893,0.08132874,0.053835418,0.11683061,-0.05786504,0.03531023,0.030089796,0.0927619,-0.053396452,0.04260398,0.18580678,-0.076652065,-0.07051824,0.15570845,0.09241056,-0.0021686144,0.09462707
20,0.16786815,0.04892367,0.495427,0.110435285,0.1694543,0.11855277,0.3721309,0.0654864,0.09350392,0.096702404,0.16765219,0.21822377,0.6134293,0.007608346,0.4273548,0.1917924,0.325727,0.1490712,0.074105665,0.1429395,0.16464049,0.43586993,0.5024969,0.4754854,0.269694,0.2869135,0.21087818,0.13826048,0.29329243,0.14509575,0.25718325,0.43118474,0.08326747,0.4346278,0.15667675,0.4074651,0.35034445,0.2474927,0.091914594,0.27769116,0.4367414,0.3629328,0.14393859,0.21386436,0.26251233,0.23751949,0.09965161,0.107692875,0.19615237,0.19757117,0.113724686,0.35150996,0.24472022,0.10879122,0.0953289,0.33346653,0.3542589,0.23705967,0.09439834,0.07041408,0.3852261,0.15368596,0.29886997,0.24677834,0.20177233,0.16517289,0.1985721,0.1290427,0.14590445,0.14512117,0.07060771,0.15314813,0.22042462,0.19082704,0.12803903,0.12766705,0.48657802,0.22242948,0.27412078,0.24753056,0.26750225,0.4522407,0.4286303,0.32587236,0.40310028,0.22865641,-0.011856105,0.11434337,0.28052217,0.19826195,0.39893037,0.17521559,0.3838691,0.08134535,0.113724686,0.18429714,0.37116742,0.32184982,0.2014069,0.37071103
21,0.200212,0.067333594,0.36518472,-0.0009205304,0.013646673,0.0041526854,0.04585099,0.031037793,-0.0008231364,-0.023869805,0.009970786,0.31073043,0.35463494,-0.03581084,0.21161865,0.27906302,0.035862822,0.26329565,0.14923416,0.020943696,-0.037885092,0.22678071,0.29950505,0.3218188,0.037617296,0.047057033,0.07530771,0.06224215,0.1361478,-0.024729121,0.06504059,0.3497644,-0.00015230477,0.30022502,-0.014160829,0.18933758,0.38987714,0.08711846,0.008028276,0.22368853,0.2801371,0.15535477,0.24678916,0.061014865,0.27441013,0.025050567,-0.071611874,-0.027999986,0.19785053,0.29905993,-0.0156268,0.13623275,0.12744144,0.17031401,0.27194202,0.16011271,0.11868803,0.19671243,0.035626616,-0.028868364,0.14898506,-0.042245902,0.24858618,0.2565713,0.08459039,0.0958486,-0.03215794,-0.0041341744,0.050720155,0.008104023,-0.06074076,0.010104999,0.060909435,0.16187035,0.2487061,0.021032207,0.30876207,0.11065578,0.19449472,0.124995574,0.10321002,0.16342583,0.33118692,0.091574125,0.19942033,0.20574433,0.2508665,-0.022502683,0.15751395,0.27456987,0.21330903,0.026853867,0.13634951,0.06687872,-0.0156268,-0.0364457,0.35778695,0.12836945,0.035859477,0.06202406
22,0.120926015,0.12519547,0.3292783,0.018345293,0.18732513,0.15224577,0.19149551,0.100862674,0.14703552,0.14053175,0.1043679,0.21653327,0.46005648,0.053419095,0.31155884,0.27452502,0.17370085,0.2013723,0.15067863,0.16646978,0.11981644,0.34029788,0.3653326,0.3776368,0.11471457,0.16598307,0.20350951,0.24629512,0.12178679,0.15554045,0.23145525,0.3917262,0.11935356,0.41278183,0.15633416,0.2779306,0.321291,0.26185715,0.13079989,0.31235623,0.36561808,0.14026046,0.24556188,0.2557761,0.2540075,0.1696389,0.08054975,0.08681297,0.11143528,0.101544335,0.16527064,0.27640253,0.16022752,0.20725018,0.21964324,0.27513978,0.32210785,0.26614285,0.18275543,0.033710983,0.24562512,0.047986656,0.31740266,0.23709682,0.21446297,0.17609262,0.13177148,0.10267277,0.21875474,0.14580728,0.014081867,0.1544239,0.14366816,0.25114664,0.20734133,0.14737168,0.44567096,0.11022284,0.11271104,0.18885298,0.21067196,0.20463431,0.38168234,0.24861458,0.33874905,0.28703794,0.31279522,0.04248243,0.23413108,0.10109344,0.3371045,0.1551956,0.30872256,0.030387517,0.16527064,0.04357394,0.5312815,0.24126051,0.12129924,0.16869354
23,0.087876275,0.06646061,0.26237845,-0.02888605,0.115792416,0.1305854,0.105918154,0.0908042,0.07378568,0.084311604,0.04644651,0.2945171,0.35502517,0.0549624,0.17913055,0.2191668,0.09501526,0.21008515,0.11249222,0.15933004,0.0649627,0.14683035,0.19079296,0.25138977,0.11367279,0.057783406,0.09986639,0.20114593,0.06023714,0.07814057,0.12982154,0.2265324,0.06139766,0.30048782,0.07657537,0.15033823,0.1304752,0.1936524,0.06990833,0.18149504,0.22003329,0.038247913,0.1398908,0.19051611,0.10461936,0.14676872,0.062746294,0.07418707,0.061375715,0.13531423,0.09260346,0.18663985,0.1137362,0.0872052,0.08189823,0.1428375,0.21108231,0.14503385,0.12184314,0.069256596,0.118175566,0.07169532,0.20853297,0.03573621,0.14284292,0.09600645,0.09907744,0.07313003,0.1289235,0.08024588,0.025460783,0.071676046,0.19056839,0.17126566,0.08839337,0.10415037,0.27665672,-0.008220421,0.19770148,0.094510935,0.14011198,0.088670015,0.17641371,0.18472408,0.33271486,0.20870054,0.29262486,0.07053873,0.14839245,0.06551259,0.16573918,0.10462205,0.17692775,-0.016081547,0.09260346,0.060558923,0.3334982,0.16923556,0.11980829,0.15386683
24,-0.0141070075,-0.04742104,0.22170568,-0.016887393,-0.02599009,-0.048768073,-0.0022869203,-0.059036165,-0.021771029,-0.071427055,0.008658659,0.03048861,0.1382426,-0.07489723,0.11210682,0.12655807,0.007218843,0.043943234,0.13273919,-0.053843968,-0.0598832,0.09198475,0.079143524,0.11362378,0.75962675,-0.08300763,0.030893497,0.028548097,0.024659635,-0.07193116,-0.018983588,0.22924083,-0.028029505,0.113178104,-0.00016302429,0.09462018,0.114664584,0.006352499,-0.040686484,0.0654144,0.16911374,0.18438928,-0.023177756,0.01931012,0.08821316,-0.08398004,-0.049944934,-0.061455105,0.09617662,-0.057656504,-0.033849552,0.022878062,-0.019916281,0.09228728,0.042331267,0.08776521,0.0699913,0.075626366,-0.0027754866,-0.040669933,0.081897534,-0.07761832,0.15021445,0.09818047,-0.0066348836,-0.06939473,-0.04937689,-0.058718137,9.312853e-05,-0.06030384,-0.116626,-0.031906128,-0.046733968,0.042123426,0.017719194,-0.01395699,0.1626806,0.094549716,0.10579309,-0.008854872,0.019335262,0.2168878,0.13570142,-0.0069882255,0.09649892,0.037321728,0.0013735387,-0.07812167,0.0106032975,0.026712745,0.10523545,-0.05139207,0.03599504,0.09508963,-0.033849552,-0.068934895,0.09374629,0.029682614,-0.072911635,0.67368567
25,0.58866835,0.20713663,0.21515164,0.17540428,0.22481553,0.23247653,0.21368751,0.17071222,0.3099965,0.21697083,0.19531676,0.22825012,0.3568145,0.20949394,0.23899232,0.4155191,0.17489359,0.4080145,0.2943954,0.24837992,0.21880856,0.34924418,0.3651811,0.38763338,0.22508723,0.35230386,0.30337855,0.36210155,0.0967201,0.20852521,0.20694491,0.17203008,0.21331877,0.41808295,0.1811609,0.20896359,0.42186344,0.29070482,0.29706964,0.40585846,0.050520398,0.36762646,0.2651064,0.25067824,0.5090444,0.2791552,0.23710787,0.16713174,0.3651081,0.35170013,0.18531778,0.22149697,0.30198735,0.41201225,0.3267543,0.17228279,0.41004342,0.31354493,0.21098809,0.22422698,0.17701967,0.20035121,0.34118178,0.3730155,0.22854295,0.3339876,0.21389596,0.22281057,0.25635687,0.26928544,0.18060438,0.20854077,0.27206331,0.28758407,0.52765524,0.25196317,0.34324262,0.30710977,0.16128258,0.3387565,0.2815907,0.43647093,0.4095066,0.24690494,0.40644425,0.3609868,0.39447707,0.14089862,0.39478984,0.32400674,0.4951792,0.2321619,0.22617275,0.08286914,0.18531778,0.16101936,0.31070113,0.25153744,0.28098992,0.112268224
26,0.121421844,0.10481583,0.09024176,0.10128246,0.0952079,0.11933966,0.12208904,0.07656728,0.19962958,0.14405899,0.055571847,0.14148802,0.29677647,0.062298026,0.17175287,0.22482353,0.12263614,0.21172848,0.08825563,0.08144972,0.10408907,0.16071579,0.21453941,0.18129683,0.03683132,0.10766901,0.3952325,0.14344217,-0.059320997,0.124923825,0.16058585,0.2699523,0.09689832,0.27333498,0.09470352,0.16823049,0.16595735,0.12879823,0.22331761,0.29955274,0.3043896,0.18740714,0.08095005,0.12294248,0.2470147,0.12622222,0.07378519,0.14012174,0.13019323,0.090528816,0.09029195,0.15317589,0.07280846,0.2070373,0.19157046,0.15954003,0.2145754,0.19604164,0.079710744,0.07355769,0.14032057,0.084370285,0.28815645,0.29728174,0.13846879,0.16678268,0.10229285,0.1067625,0.13781345,0.13144842,0.08400406,0.078944266,0.11314049,0.19377725,0.2343733,0.10005811,0.2598549,0.05037648,0.1732796,0.17541008,0.10263898,0.33112383,0.27448186,0.12069392,0.32815158,0.18172972,0.17008607,0.13315815,0.23672998,0.055600293,0.28094384,0.10027718,0.18270919,0.06409895,0.09029195,0.037228577,0.18680571,0.17087178,0.14401296,0.031338412
27,0.15687227,0.13303342,0.32103205,0.094415605,0.11410496,0.14237571,0.110362075,0.11206343,0.10850023,0.107157886,0.12171542,0.34865606,0.32728142,0.056203928,0.12520799,0.49859416,0.064793795,0.41955742,0.54994845,0.13858785,0.07853946,0.26023164,0.2809413,0.34849578,0.19324428,0.12940656,0.23162118,0.31710404,0.19015497,0.077564105,0.087964624,0.46027797,0.064153105,0.40078735,0.098372355,0.09120593,0.49123788,0.21200386,0.11702931,0.40424135,0.10587362,0.2999982,0.20064154,0.18817052,0.26011395,0.13962503,0.07288649,0.051692925,0.38722885,0.38891095,0.065945104,0.16266322,0.21219715,0.3684253,0.22960445,0.09088691,0.33475447,0.23103097,0.13141605,0.07192078,0.073606364,0.095880225,0.3449828,0.31237748,0.14393601,0.22076792,0.09562908,0.0717424,0.18134272,0.11917278,0.009100879,0.09573597,0.22922198,0.24818902,0.43763757,0.13476917,0.3720352,0.19499898,0.034891065,0.2786228,0.1894307,0.34582245,0.4683829,0.14040431,0.42841953,0.41085345,0.4527517,0.048707027,0.29917735,0.19799511,0.35616773,0.103399225,0.09193891,0.023996316,0.065945104,0.07151206,0.45223993,0.160886,0.25640208,0.088957824
28,0.12503687,0.011265544,0.50424767,0.017332576,0.1680592,0.07819837,0.29012185,0.06027502,0.076061845,0.076657176,0.185067,0.13001515,0.56174064,0.001722191,0.49292126,0.108488396,0.2997403,0.06862039,0.0019091293,0.11807422,0.111530274,0.3537749,0.51660335,0.44751418,0.2446751,0.20847644,0.13251567,0.06350835,0.17689419,0.13793468,0.2673544,0.270969,0.07201442,0.47531003,0.14578211,0.46155438,0.19592862,0.1678755,0.03887158,0.15172009,0.5626199,0.28331876,0.08099811,0.14806482,0.17971364,0.18464081,0.041804407,0.08565174,0.16792151,0.094098315,0.14736521,0.35408488,0.18641186,0.0840452,0.08555015,0.39133322,0.20825858,0.22693297,0.099692985,0.024530374,0.42483175,0.058121108,0.2911229,0.12821884,0.20334283,0.14890972,0.13347441,0.15157476,0.06854727,0.12821692,0.02949786,0.15375027,0.14834261,0.12986626,0.063234195,0.116968274,0.46571112,0.19672321,0.16543618,0.13008851,0.19913381,0.30748087,0.35415617,0.2596086,0.35641113,0.22127828,0.027998636,0.0631184,0.27909964,0.06301134,0.36495796,0.12787159,0.38627556,0.04772514,0.14736521,0.1342902,0.4134072,0.24889758,0.12520604,0.30774003
29,0.20666595,0.112063214,0.20777929,0.16231605,0.123826355,0.14117101,0.058032572,0.11837293,0.24738142,0.16362259,0.14342731,0.18802364,0.275665,0.11762647,0.14643952,0.26435742,0.06464504,0.38683602,0.15174183,0.14376478,0.09484636,0.18481025,0.20960964,0.22114971,0.11702897,0.117704585,0.263175,0.16347447,0.04746639,0.12239806,0.12849684,0.23298265,0.10293894,0.25274256,0.17106447,0.117464095,0.21133107,0.1254996,0.2476147,0.28551358,0.16594344,0.20033333,0.17309394,0.10953693,0.353519,0.11915374,0.06603024,0.09235756,0.32778183,0.27246398,0.055985846,0.14655307,0.16227406,0.33493713,0.2820491,0.09186997,0.21811941,0.27301946,0.13240817,0.092716955,0.087552115,0.10472137,0.2069427,0.3893379,0.11744281,0.27452767,0.07209422,0.12996238,0.11495384,0.14394294,0.07660842,0.10149583,0.1400105,0.24495164,0.3322304,0.11839728,0.36785525,0.075039655,0.105987564,0.23137942,0.13571128,0.34097043,0.41118777,0.100067675,0.29395998,0.27007362,0.23164746,0.10121809,0.19788152,0.20163107,0.36805886,0.109660774,0.0950487,0.083041795,0.055985846,0.07689568,0.29533765,0.18291649,0.12717614,0.10525532
30,0.11597959,0.11488627,0.37838185,0.093388975,0.23531914,0.19055793,0.2633608,0.118780404,0.14177239,0.1332191,0.26411328,0.06092762,0.3658033,0.07915825,0.29986137,0.16004233,0.22409931,0.15094738,0.05237951,0.19384992,0.17594036,0.34832668,0.3054044,0.31913644,0.39358085,0.21792203,0.22889525,0.2004132,0.20525286,0.19266003,0.28078258,0.20005748,0.16611314,0.37328482,0.29272223,0.27108598,0.22045535,0.28928787,0.12969364,0.27069706,0.46642438,0.32141212,0.15521885,0.23039788,0.18829416,0.21221691,0.14783388,0.1355624,0.33486935,0.048673578,0.16282532,0.3053972,0.23145184,0.22028387,0.16847387,0.23560686,0.273393,0.3051472,0.20060328,0.14161652,0.24672459,0.19253597,0.29577014,0.19394901,0.25025573,0.1892463,0.18681769,0.1600501,0.14824234,0.18002722,0.12656035,0.20771444,0.21523347,0.22241962,0.114722095,0.22357368,0.5201727,0.16869003,0.16659456,0.2471807,0.30491102,0.258829,0.45737022,0.3369199,0.3089575,0.26730758,0.029947842,0.11676128,0.2438603,0.15091866,0.31979707,0.20648666,0.2973108,0.09760599,0.16282532,0.21852356,0.42005202,0.3123091,0.14922298,0.49228117
31,0.1120347,0.024966443,0.27102023,0.091781735,0.027732605,0.0363471,0.050589774,0.05845651,0.009153165,-1.8812716e-05,0.01651077,0.30842963,0.2558729,-0.028440569,0.13568822,0.21139117,0.014383352,0.28705865,0.22151586,0.02052354,-0.012145033,0.16639617,0.2146616,0.2608449,0.20321539,0.005479151,0.12961847,0.084755,0.054167956,-0.004213797,0.012585945,0.68057775,0.028211882,0.25852537,0.04165244,0.11921126,0.34908104,0.05873371,0.082951,0.17771202,0.14323616,0.23726279,0.07171073,0.033860866,0.22432038,0.031656343,-0.04458867,0.0014628564,0.1442808,0.29205814,0.016443213,0.11758725,0.04301609,0.1692945,0.234691,0.09092991,0.15984482,0.14457648,0.055482093,-0.0044543836,0.08393977,-0.034912344,0.26447532,0.2304485,0.0149168,0.053789992,-0.011718418,-0.018210286,0.04673779,0.01572132,-0.04883463,0.014673189,0.057778537,0.15309796,0.2534783,0.037619956,0.13794726,0.11556628,0.2002338,0.09692658,0.016656436,0.2279424,0.2614563,0.034029633,0.22134896,0.24056302,0.24153513,0.031936787,0.1078458,0.22862172,0.17040999,0.03786006,0.09436877,0.08135846,0.016443213,-0.049219012,0.24191597,0.06759635,0.10108375,0.08914979
32,0.19590007,0.0498711,0.28477252,0.08047773,-0.008080287,0.028480804,0.06288749,0.032152325,-0.042495668,-0.047940936,-0.0012494344,0.20587218,0.26234725,-0.03225282,0.14580536,0.120043844,0.07201106,0.17722458,0.06628664,0.015505447,-0.025909737,0.15400222,0.21768573,0.27695242,0.121381134,0.03925371,0.056976516,0.01088661,0.15473464,-0.019700114,0.0880377,0.25823522,-0.00094133057,0.2333296,-0.008573919,0.15030685,0.21376672,0.096672334,-0.03385012,0.1515888,0.20979142,0.096175656,0.1854156,0.01363726,0.11299669,0.052937813,-0.027796581,0.0234476,0.08815308,0.23723793,-0.0145061165,0.101218574,0.087888435,0.083529636,0.07007926,0.11475313,0.1015468,0.18061793,0.008389004,0.053402856,0.120493114,0.042408556,0.22514394,0.14690106,0.100387454,0.11069918,0.024136832,0.021590214,0.043472223,-0.008745062,0.0007686266,-0.0019004261,0.09385393,0.10436978,0.08238304,0.020454938,0.18550543,-0.009457697,0.27460274,0.09706935,0.10645746,0.06333537,0.15828618,0.07531133,0.12760238,0.16167496,0.16135918,0.007325098,0.11818418,0.29541412,0.10281428,0.04048884,0.09429957,0.050146513,-0.0145061165,0.0321812,0.13633221,0.12831713,0.012111607,0.08704457
33,0.38197464,0.098018415,0.28883222,0.054696247,0.12198146,0.15863013,0.10558641,0.14705844,0.1568768,0.069295175,0.12620513,0.28259903,0.3494336,0.07671271,0.24124154,0.29759893,0.09942201,0.30582717,0.26872456,0.14336115,0.1031789,0.3576874,0.30629057,0.32909715,0.2543184,0.21721247,0.2017133,0.2246122,0.18642288,0.09228741,0.1401793,0.2863776,0.13416912,0.46503687,0.113510564,0.21786934,0.3876243,0.18885137,0.17600508,0.38567588,0.2407865,0.32427955,0.24990743,0.18422249,0.46920124,0.18123738,0.074313745,0.10075082,0.2981792,0.33077914,0.08620351,0.1683507,0.22451033,0.33719045,0.32712185,0.21804693,0.29889554,0.33688498,0.1265561,0.16299108,0.18849365,0.090886444,0.3578033,0.34935403,0.19164965,0.23607624,0.1252358,0.12733316,0.11259756,0.162583,0.089022346,0.11045495,0.1944004,0.30114782,0.38291854,0.18008313,0.38370058,0.23191756,0.25225466,0.2416144,0.19204062,0.35556287,0.3560422,0.16600703,0.3823248,0.2991915,0.41280204,0.10162483,0.25345677,0.32163334,0.36909893,0.16708933,0.17080662,0.042399403,0.08620351,0.05057496,0.31116086,0.20838767,0.21598302,0.16585739
34,0.15438649,-0.0025732722,0.39171562,-0.06745328,0.055859536,-0.0016164067,0.121610105,-0.026159763,-0.0016981298,-0.008181902,0.07872747,0.13441673,0.3398379,-0.046364088,0.3013757,0.13713194,0.13702305,0.17904365,0.012460276,0.04304828,0.036614314,0.22477601,0.30780602,0.3037575,0.2469267,0.09436025,0.06543378,0.016411288,0.13401124,0.05240719,0.11285001,0.1341193,0.01686377,0.28998467,0.088324144,0.30352622,0.1565232,0.06490119,-0.023583112,0.09955484,0.36664003,0.19367494,0.06862506,0.09534981,0.1606521,0.053865977,-0.024931077,0.0071183015,0.25613925,0.009895524,0.070590645,0.1829305,0.07696882,0.1211537,0.10460594,0.26202613,0.068140335,0.16462463,0.06753323,-0.031078652,0.27361238,-0.021656185,0.17304844,0.17818296,0.0924041,0.062092863,0.010606426,0.0400588,0.013890965,0.04656706,-0.054375,0.098736376,0.030684922,0.12750618,0.09927457,0.07506315,0.34412444,0.09794108,0.15279251,0.092301086,0.09571251,0.1546996,0.27238762,0.12820214,0.16526672,0.13921966,0.09179877,-0.03705228,0.1361045,0.09755635,0.24481517,0.05024138,0.21784592,0.11071476,0.070590645,0.01499618,0.2942102,0.1331152,0.013256304,0.3443297
35,-0.006600242,0.056968957,0.2433392,0.056380287,0.0384767,0.07031482,0.0045458665,0.083018735,0.08032966,0.059379272,0.069535784,0.13144399,0.22394109,0.036735304,0.09544773,0.28185624,0.017862804,0.23713279,0.09924459,0.05344231,0.042152885,0.1713877,0.12895876,0.1269199,0.13065355,0.017624756,0.13726394,0.08107619,0.17865416,0.033417195,0.06378541,0.26104933,0.073554695,0.22364123,0.07299693,0.08145721,0.23410004,0.076777264,0.10819199,0.12982333,0.2351883,0.14526966,0.17172474,0.074900806,0.2605996,0.048607603,-0.014891576,0.04502304,0.13981894,0.20208862,0.018544413,0.086899325,0.09457053,0.28502163,0.3149464,0.06684965,0.10572658,0.27091524,0.0807404,0.073563874,0.04481809,0.04841315,0.22975034,0.37015355,0.080320165,0.11485374,0.005476673,0.061803207,0.069579996,0.06317746,0.009256954,0.018323697,0.09508953,0.17984025,0.1474784,0.08916799,0.2485139,-0.0348773,0.14855653,0.086485095,0.036033563,0.2147443,0.30769032,0.04798732,0.15387756,0.17560178,0.1774562,0.10746893,0.117197044,0.25125062,0.20534001,0.059692718,0.057870068,0.035166044,0.018544413,-0.008626624,0.29360038,0.15583818,0.060983695,0.2093759
36,0.15550493,0.002608612,0.42151994,-0.015923161,0.14909509,0.051945608,0.23923564,0.01605972,0.076460496,0.05687279,0.16198976,0.13620827,0.56546223,-0.020059109,0.49911243,0.13796794,0.2713469,0.16435556,-0.029143598,0.09492467,0.0694868,0.35636133,0.4586674,0.38493282,0.21541667,0.17082891,0.10269281,0.06278339,0.15644097,0.10481359,0.18419926,0.33563757,0.07106556,0.4188261,0.12499726,0.48460212,0.20496342,0.12340256,0.0670419,0.111653164,0.529697,0.24456924,0.10534909,0.15477088,0.22552425,0.13430476,0.0047790594,0.03880042,0.1274752,0.05177497,0.12075664,0.31857914,0.11699664,0.13836232,0.15722007,0.4183892,0.21149461,0.22552219,0.107990675,-0.011480162,0.4497544,-0.005858814,0.27056074,0.18695354,0.14601439,0.12085375,0.082017615,0.101684794,0.060204044,0.11711786,-0.0045982795,0.12417842,0.080502585,0.1592987,0.088995695,0.08951999,0.41394955,0.19262895,0.08866387,0.093874656,0.08197121,0.2843938,0.36996877,0.19182009,0.29983693,0.21268612,0.115879044,0.028085575,0.19631149,0.08151201,0.3805884,0.098289594,0.3713128,0.05926528,0.12075664,0.042117104,0.43328387,0.21124396,0.06368257,0.31419647
37,0.22089407,0.030109413,0.33845586,0.057791494,0.025647106,0.035315752,0.08862091,0.007825441,0.05909046,0.00683783,-0.028831549,0.32872275,0.25822312,-0.008529989,0.10270897,0.31083238,0.039628252,0.15211338,0.31685364,0.07037767,0.030178174,0.24461094,0.18575728,0.2542174,0.27194086,0.034089167,0.15710142,0.18936747,0.022016097,0.018485073,0.039945178,0.27055413,0.0016416803,0.24044201,0.017765477,0.068136744,0.24876833,0.2256397,0.060595438,0.27129278,0.22545373,0.21204048,0.0630634,0.15811622,0.2455018,0.088100225,0.024040794,0.014019839,0.1612795,0.102782935,0.021209879,0.13019231,0.1967893,0.034798685,0.034357905,0.045157664,0.3018641,0.02394494,0.076672465,-0.017364217,0.033795163,0.024383444,0.26113787,0.16303644,0.08990327,0.0441584,0.02600865,-0.005546404,0.15203942,0.046349738,0.008533655,0.06725375,0.14882375,0.08483695,0.24919292,0.063549206,0.22209899,0.14204346,0.1470297,0.14379427,0.16083235,0.24798551,0.23351768,0.11948325,0.42131358,0.150835,0.15919507,0.050904647,0.13577944,0.104753986,0.21929634,0.049951434,0.12169556,0.11043433,0.021209879,-0.0022920303,0.21174234,0.14195386,0.104762405,0.20803384
38,0.28345466,0.096427426,0.14486668,0.10285191,0.062772274,0.09562381,0.03353961,0.12384045,0.10909513,0.06943412,0.10398032,0.28197908,0.17100054,0.07832413,0.07706985,0.18020812,-0.0008228328,0.2526222,0.08463487,0.08940177,0.04624175,0.2716982,0.16823274,0.14391261,0.11450969,0.16050209,0.12806737,0.1188478,0.081587605,0.03483371,0.08799656,0.1350767,0.06113349,0.17898375,0.069149666,0.04163514,0.2770809,0.11435781,0.18517527,0.24946158,0.11336018,0.12072004,0.19333054,0.06253978,0.5175675,0.10088429,0.027078316,0.059826903,0.19465639,0.22554651,0.002025405,0.12044375,0.13284,0.25943363,0.3263784,0.011270751,0.19659269,0.21271643,0.06386672,0.12872376,0.005298872,0.070587546,0.13687062,0.33939144,0.075298354,0.12543902,0.060826313,0.06595726,0.039151777,0.06862399,0.09005203,0.017041348,0.15919921,0.16084348,0.3188852,0.10973646,0.26460546,0.17927694,0.22155464,0.173662,0.16191103,0.1929985,0.32304764,0.13350858,0.14240687,0.2593441,0.26854363,0.1019147,0.13800067,0.27251175,0.3222534,0.105170935,0.048966993,0.13586071,0.002025405,0.092191674,0.21880299,0.15503182,0.1347391,0.08573417
39,0.34473622,0.056533992,0.32434633,0.112418115,-0.009730123,0.054045413,0.051826086,0.01937908,0.0830719,0.01644456,0.023304692,0.2795682,0.1785337,0.012870666,0.0855746,0.3076681,0.01579719,0.21956827,0.3634299,0.024121867,0.03864354,0.15482217,0.18436244,0.22413197,0.19652343,0.05267102,0.2206713,0.1651106,0.0806977,0.040481143,0.06109529,0.24241133,0.03617955,0.28007123,0.055408657,0.07205942,0.3099484,0.15705878,0.12999973,0.3790661,0.16816005,0.33146334,0.14248472,0.07333303,0.19152302,0.050684378,0.0033517927,0.06369319,0.41015577,0.22257537,0.0051823854,0.05125423,0.18769808,0.24760485,0.14765103,0.081263095,0.2978443,0.16640091,0.064451255,0.05969507,0.054031298,0.043619845,0.32853922,0.20412193,0.12469283,0.13633299,0.031728715,0.055491835,0.12689465,0.062190484,0.016645469,0.06619889,0.11671131,0.18510926,0.33438444,0.08843113,0.20461835,0.101843156,0.064324126,0.19390112,0.12051936,0.2854094,0.21243422,0.015306363,0.30249557,0.24723038,0.27746326,0.009299662,0.2060177,0.28594458,0.20325917,0.045712344,0.05445323,0.10560466,0.0051823854,-0.019167967,0.17351356,0.11425713,0.115609966,0.1313731
40,0.13183369,0.10315468,0.16248074,0.11530381,0.23505351,0.16940278,0.3033347,0.06638607,0.12536298,0.1689719,0.25048733,0.06481787,0.3205821,0.057176605,0.3831586,0.067939386,0.27827102,0.052314855,-0.0026241392,0.1942251,0.16957955,0.3393296,0.28847098,0.24047786,0.17339422,0.26353034,0.11629035,0.19428848,0.050286174,0.21600708,0.21516049,0.21921213,0.110828,0.43530473,0.1958327,0.33713445,0.06092815,0.25801277,0.083584726,0.15429527,0.46226326,0.20899646,0.17262346,0.24806899,0.04488403,0.22692451,0.11709687,0.089709684,0.10967564,-0.06469996,0.2001593,0.37542558,0.2074033,0.09975621,0.06268171,0.33515352,0.29578745,0.22423151,0.16816881,0.07350114,0.32812303,0.081601985,0.31522697,0.0058237705,0.22449273,0.21239139,0.209176,0.1522894,0.17878334,0.18551108,0.08429018,0.2371249,0.15878296,0.2100113,0.08737375,0.13139987,0.26996985,0.21544561,0.06480117,0.13601434,0.15624699,0.16606377,0.29034203,0.27933568,0.2657381,0.25442907,0.1332523,0.13587457,0.17561236,0.017587049,0.19304799,0.18900456,0.36166495,-0.03510316,0.2001593,0.10162908,0.26705456,0.21764311,0.099340335,0.23331325
41,0.2190221,0.007475608,0.23942149,0.07475412,0.16508122,0.10168753,0.28654546,0.055370156,0.05993909,0.07023358,0.3328697,0.09205809,0.34890893,0.005188632,0.32035565,0.13619187,0.2639032,0.11502841,0.056276385,0.105210505,0.093647726,0.31294316,0.31383288,0.25905603,0.34585938,0.23829955,0.14750461,0.053102717,0.21254387,0.10840329,0.19452782,0.28304484,0.08032309,0.41846657,0.17383304,0.32295686,0.14856286,0.13826285,0.04388598,0.16468239,0.64240146,0.67193425,0.0054565566,0.14117722,0.16237584,0.21454298,0.06427351,0.069606505,0.33505362,0.08350375,0.08399414,0.2973552,0.2701045,0.18489939,0.12918991,0.29080784,0.1848908,0.22946143,0.08530678,0.07875951,0.31703448,0.11250135,0.48787454,0.11642395,0.19650081,0.18663493,0.14915606,0.1327132,0.035538428,0.13700071,0.08745298,0.12673102,0.18388791,0.12824917,0.17460254,0.12979208,0.34047386,0.21916255,0.07301768,0.16662318,0.1551291,0.34935516,0.49812353,0.20898926,0.32065994,0.2723795,0.022115275,0.15805757,0.2420575,0.09866937,0.24750796,0.12173627,0.23482436,0.089280844,0.08399414,0.14401132,0.20413338,0.26305026,0.1774042,0.4842228
42,0.011691995,0.038510665,0.11374773,-0.0037637895,0.0212748,0.022313675,0.01592377,-0.019209111,0.012023817,0.024063472,-0.04024308,0.19485885,0.3080735,-0.042283915,0.1408582,0.088252746,0.047994316,0.16315563,0.043477252,-0.0013182666,-0.0076680137,0.18854082,0.22800225,0.22364277,-0.003811866,-0.010116202,0.06646937,0.044835676,0.050418254,-0.008917131,0.031741086,0.31546098,-0.023431402,0.2276012,0.0028984577,0.13753211,0.36165172,0.039490886,0.039569274,0.12836382,0.29995477,0.022408765,0.235207,0.034592915,0.19470713,0.028314976,-0.082913145,-0.018343836,0.07625075,0.24167067,-0.010960671,0.069382116,-0.028170977,0.066085905,0.0924924,0.14751944,0.09346986,0.16017826,-0.015495434,-0.024492215,0.1336621,-0.023202932,0.13819525,0.2110138,0.04637616,0.060053077,0.01709345,-0.022556225,0.035794765,0.0028917426,-0.076612264,-0.05089257,0.030244268,0.09609194,0.15298033,-0.025290083,0.24288046,0.080059156,0.13592368,0.1013941,0.007318804,0.108269885,0.25934827,0.030827593,0.1991739,0.104072906,0.23360527,0.005829485,0.053333905,0.06807276,0.22456422,0.04442352,0.07912438,-0.041742984,-0.010960671,-0.04075941,0.32541335,0.07834065,0.039591406,-0.002465345
43,0.22886759,0.18306111,0.54896444,0.057157695,0.24406204,0.20685458,0.35589147,0.17630687,0.12567694,0.11883607,0.23175065,0.35240653,0.6919328,0.08819009,0.56052077,0.34522173,0.38683408,0.2780659,0.15145065,0.22549656,0.18644476,0.4073159,0.6389972,0.6356505,0.28257513,0.2875894,0.25608543,0.24104562,0.3276261,0.18690911,0.321822,0.47682744,0.17386267,0.5812435,0.16275898,0.5502008,0.38194105,0.29079902,0.11750235,0.36809236,0.43012953,0.2847259,0.30098218,0.31847233,0.28199384,0.30892968,0.16039932,0.1748826,0.16979013,0.28662542,0.20811445,0.4045455,0.26298404,0.23418275,0.15546145,0.5379632,0.36884665,0.40266472,0.20533895,0.17579883,0.5275136,0.18704697,0.4574113,0.22559288,0.31796515,0.27422214,0.2298736,0.21730539,0.21337421,0.24521503,0.09952308,0.22740526,0.3404804,0.3224122,0.2910457,0.22410285,0.50955427,0.2785533,0.11017461,0.28051692,0.33299452,0.39584446,0.40357605,0.3474991,0.45257393,0.36706805,0.28733468,0.16985248,0.4462537,0.25314265,0.4732585,0.2729694,0.4610931,0.10409073,0.20811445,0.19813702,0.52993566,0.38441062,0.26900893,0.33787674
44,0.08690968,0.09148605,0.24942575,0.017258218,0.015968319,0.06980438,0.016645163,0.080081195,0.07096821,0.06772545,0.012540599,0.3964535,0.28846636,0.022588877,0.1044846,0.45995313,-0.002882991,0.25035393,0.13998108,0.058103777,-0.018411677,0.23907071,0.16678487,0.20042887,0.28502613,0.050646476,0.15791315,0.19996426,0.14066759,-0.0269587,0.06492658,0.20601937,0.015793696,0.2776391,0.05305244,0.06991381,0.28765285,0.13691936,0.11382136,0.29131192,0.28861523,0.04962599,0.24607481,0.122516796,0.3617486,0.058585312,-0.031563904,-0.018910697,0.12419911,0.2252363,-0.01319515,0.10014448,0.08358627,0.25650585,0.24585603,0.048645183,0.18983167,0.21548688,0.046501685,0.044893205,0.03912123,-0.0039637676,0.21458474,0.3393515,0.07193156,0.10691703,-0.0006726654,-0.0028027836,0.10823206,0.0051507503,-0.030495906,-0.025590243,0.15091822,0.21894741,0.13394964,0.0562635,0.3618548,0.11029345,0.28051537,0.15092707,0.122952685,0.25270635,0.27187517,0.092498064,0.28533998,0.21499455,0.28295088,0.072041735,0.15607189,0.22276679,0.26541033,0.03492564,0.075625785,0.20125519,-0.01319515,0.020694835,0.36520264,0.16390064,0.08366229,0.312707
45,0.26911485,0.12252729,0.3322223,0.08201202,0.13914055,0.18303058,0.21642278,0.15961334,0.12198023,0.09064196,0.18430836,0.4244485,0.5028392,0.06826252,0.30935204,0.4090265,0.1865863,0.39274576,0.22123522,0.16958398,0.0969772,0.38481206,0.4005109,0.40031534,0.23783916,0.26659578,0.21101083,0.2287609,0.31360182,0.09150237,0.19504571,0.34294897,0.0829835,0.5469597,0.10250434,0.28134406,0.40094614,0.25772735,0.14291488,0.44753867,0.3974077,0.33443454,0.3643747,0.22758672,0.38720536,0.24536741,0.06283574,0.08030234,0.35154915,0.34053648,0.058377717,0.28542936,0.29873133,0.32669032,0.30301172,0.2605167,0.37701052,0.38127026,0.098429754,0.15796086,0.2592302,0.14257076,0.410953,0.30575603,0.18986666,0.2836051,0.16531566,0.13992819,0.14309028,0.14224717,0.086086236,0.09205176,0.3002978,0.2932683,0.34809893,0.13644479,0.5670805,0.28648084,0.17703068,0.3164417,0.2673316,0.39978355,0.46740437,0.2465087,0.45978212,0.362102,0.43804187,0.1427747,0.32507175,0.34263885,0.41008028,0.18694103,0.23521309,0.05068225,0.058377717,0.1402938,0.50024045,0.33010322,0.242288,0.286928
46,0.28566903,0.09938879,0.31015086,0.051828735,0.062411666,0.10142202,0.05138856,0.081547685,0.06585908,0.04980401,0.06333903,0.31276092,0.32032272,0.022682827,0.10234393,0.48416972,-0.010468143,0.47358063,0.3639055,0.07519294,0.052717634,0.29669648,0.2701503,0.33654153,0.21627921,0.102187395,0.14826739,0.22824639,0.21179014,0.02490271,0.05248165,0.3007334,0.06191212,0.39265653,0.037742388,0.059900112,0.55195093,0.15651265,0.09873009,0.38154218,0.15232413,0.29083672,0.2108397,0.12867916,0.33953238,0.114217535,0.03988053,-0.00080494396,0.39216667,0.48717213,0.021733314,0.10178961,0.20089407,0.3851205,0.32844728,0.03496828,0.25513348,0.26942962,0.08316895,0.073951356,0.020584704,0.06625523,0.3138512,0.40342718,0.12858023,0.21370178,0.02829566,0.021811455,0.12337231,0.10767218,-0.013120423,0.06074059,0.19831333,0.2533404,0.488379,0.12351324,0.3546115,0.18538639,0.1130818,0.2858762,0.16141285,0.36632532,0.4286736,0.0993259,0.32332185,0.39174846,0.58617604,0.025612865,0.26071152,0.34826285,0.29593936,0.08960897,0.052598037,0.15042724,0.021733314,-0.0012376187,0.4888345,0.15607452,0.17156267,0.12179041
47,0.20817617,0.061658192,0.34683457,0.11370826,0.005061468,0.07471806,0.039072804,0.067814864,0.093386844,0.023243465,0.06893998,0.26439974,0.28928936,0.016526662,0.115663484,0.27713907,0.0013005678,0.4678644,0.16018164,0.008517686,0.037397098,0.24834359,0.23235494,0.25821066,0.095810466,0.07011899,0.16391957,0.10032541,0.13322593,0.026970578,0.060197067,0.3011169,0.050901406,0.26920992,0.06289075,0.083760545,0.4712478,0.0810551,0.11610053,0.29376432,0.24646321,0.1793837,0.18184996,0.04790527,0.40885395,0.056701455,-0.017692689,0.08516889,0.34341383,0.3593189,0.0037835687,0.112772346,0.113420665,0.37490737,0.34888634,0.080616765,0.17219138,0.26061946,0.044285208,0.07786209,0.043582093,0.06270105,0.26110667,0.44111133,0.06718184,0.15049979,0.0025404952,0.043753993,0.05490077,0.056243293,0.021378672,0.00865994,0.08269403,0.26624417,0.32205096,0.065393016,0.36931115,0.13712442,0.271898,0.24836834,0.13736336,0.22679958,0.37167853,0.057026036,0.2315159,0.2644683,0.22138694,0.049530376,0.15736732,0.42252913,0.31239212,0.08581631,0.06769259,0.07578607,0.0037835687,-0.019599818,0.33906668,0.13366942,0.13467087,0.11500501
48,0.22790173,0.045784123,0.25540864,0.07442464,0.08267705,0.06316987,0.124233,0.023948824,0.04495299,0.007908722,0.22041196,0.08341573,0.17477731,0.01790423,0.11359137,0.08357863,0.1038396,0.15697175,0.1420277,0.06609121,0.070167094,0.23290768,0.22867985,0.25731087,0.32017252,0.16932383,0.13094378,0.030730063,0.21479747,0.06387043,0.10115794,0.15865421,0.05207026,0.20874964,0.13349274,0.11754585,0.18206614,0.07770951,0.03130445,0.17032993,0.32368731,0.45890585,0.024274684,0.0910992,0.08540401,0.09355185,0.06932548,0.06956716,0.5859128,0.10913821,0.03712421,0.10768041,0.20027235,0.18973197,0.13192627,0.10841534,0.11193997,0.19222143,0.08070074,0.074665986,0.11259985,0.119139254,0.36586666,0.1001154,0.12388789,0.14097701,0.0915145,0.07883462,0.028272618,0.081467316,0.06509629,0.08912424,0.12171639,0.13841274,0.20393315,0.11207411,0.2780015,0.21555452,0.10415159,0.18923968,0.17194623,0.27988994,0.38694224,0.13460448,0.09858293,0.18227038,0.050576005,0.060533512,0.17178205,0.14884643,0.109346464,0.08452004,0.073821284,0.04329167,0.03712421,0.13505824,0.12966673,0.14842173,0.08479534,0.42954564
49,0.0809762,-0.05625438,0.27668563,-0.05596348,-0.037587687,-0.023878694,0.063091636,-0.038070187,-0.046549305,-0.06865246,-0.025241723,0.44274583,0.3408962,-0.10768092,0.15166748,0.35256857,0.0065350793,0.34710765,0.15891719,-0.011487001,-0.06407151,0.20109427,0.26232773,0.2846493,0.23007867,0.007952895,0.059890307,0.05194352,0.092354,-0.070311025,0.08089526,0.29899928,-0.074659616,0.25120887,-0.08720541,0.124207035,0.34387207,0.07487129,-0.019280992,0.1981879,0.17801602,0.18738961,0.08065286,0.013188235,0.2335929,0.004360169,-0.09710547,-0.083928615,0.16175878,0.40917897,-0.07825519,0.12597501,0.070768915,0.13215213,0.16792947,0.087843254,0.16058245,0.09775496,-0.038757287,-0.045945145,0.08462763,-0.037910715,0.15984395,0.20316409,0.046790484,0.013452087,-0.040290546,-0.06561115,-0.034247525,-0.05569332,-0.09700565,-0.05179282,0.11709912,0.11338051,0.13779256,-0.04639253,0.24693668,0.062674776,0.29948884,0.09994239,0.08597172,0.2543643,0.22355393,0.071907915,0.2467678,0.18411644,0.24617487,-0.025930658,0.12264468,0.16615656,0.22992508,-0.017372547,0.09379285,0.06075097,-0.07825519,-0.046911962,0.39358255,0.11678295,0.12220648,0.1971322
